2004-01-01,16448,18805
2004-01-02,2298,3903
2004-01-03,2208,2618
2004-01-04,1442,2276
2004-01-05,1044,1713
2004-01-06,943,1557
2004-01-07,1205,1599
2004-01-08,1104,1438
2004-01-09,860,891
2004-01-10,1093,1340
2004-01-11,1145,1246
2004-01-12,697,862
2004-01-13,752,624
2004-01-14,666,773
2004-01-15,854,923
2004-01-16,722,996
2004-01-17,1209,1058
2004-01-18,1102,964
2004-01-19,400,772
2004-01-20,924,673
2004-01-21,699,735
2004-01-22,854,870
2004-01-23,734,915
2004-01-24,810,1076
2004-01-25,795,949
2004-01-26,503,806
2004-01-27,506,697
2004-01-28,562,763
2004-01-29,828,779
2004-01-30,1000,765
2004-01-31,1390,1389
2004-02-01,2184,1548
2004-02-02,472,699
2004-02-03,749,751
2004-02-04,522,603
2004-02-05,721,591
2004-02-06,660,639
2004-02-07,1125,1210
2004-02-08,661,987
2004-02-09,431,564
2004-02-10,407,696
2004-02-11,398,659
2004-02-12,344,719
2004-02-13,691,682
2004-02-14,1184,1360
2004-02-15,1046,1093
2004-02-16,702,706
2004-02-17,851,628
2004-02-18,559,775
2004-02-19,800,746
2004-02-20,976,760
2004-02-21,1244,1208
2004-02-22,1009,1022
2004-02-23,523,585
2004-02-24,329,666
2004-02-25,442,702
2004-02-26,420,716
2004-02-27,553,932
2004-02-28,1284,1331
2004-02-29,911,887
2004-03-01,1332,1180
2004-03-02,506,619
2004-03-03,507,646
2004-03-04,477,639
2004-03-05,923,773
2004-03-06,1082,1320
2004-03-07,838,1263
2004-03-08,687,661
2004-03-09,575,706
2004-03-10,892,893
2004-03-11,691,692
2004-03-12,779,764
2004-03-13,1277,1368
2004-03-14,928,1175
2004-03-15,708,688
2004-03-16,537,698
2004-03-17,578,886
2004-03-18,781,891
2004-03-19,619,896
2004-03-20,1066,1331
2004-03-21,1028,1146
2004-03-22,596,638
2004-03-23,623,628
2004-03-24,625,858
2004-03-25,453,813
2004-03-26,868,991
2004-03-27,1813,1477
2004-03-28,1522,1080
2004-03-29,452,626
2004-03-30,547,637
2004-03-31,783,765
2004-04-01,2554,1548
2004-04-02,763,749
2004-04-03,1800,1623
2004-04-04,1085,1236
2004-04-05,953,772
2004-04-06,600,736
2004-04-07,800,739
2004-04-08,1079,1183
2004-04-09,1197,1148
2004-04-10,1736,1499
2004-04-11,1310,1532
2004-04-12,1204,815
2004-04-13,711,705
2004-04-14,977,668
2004-04-15,1206,702
2004-04-16,872,763
2004-04-17,1389,1648
2004-04-18,1238,1259
2004-04-19,670,785
2004-04-20,540,640
2004-04-21,434,759
2004-04-22,1253,800
2004-04-23,985,838
2004-04-24,1897,1674
2004-04-25,1336,1385
2004-04-26,674,720
2004-04-27,559,597
2004-04-28,876,755
2004-04-29,610,746
2004-04-30,794,1091
2004-05-01,3053,2676
2004-05-02,1479,1414
2004-05-03,759,672
2004-05-04,580,601
2004-05-05,637,636
2004-05-06,587,674
2004-05-07,1106,881
2004-05-08,1857,1612
2004-05-09,1111,1277
2004-05-10,585,673
2004-05-11,648,762
2004-05-12,828,776
2004-05-13,935,805
2004-05-14,1188,1033
2004-05-15,1841,1601
2004-05-16,1690,1675
2004-05-17,960,925
2004-05-18,619,936
2004-05-19,599,830
2004-05-20,1147,931
2004-05-21,1554,1091
2004-05-22,2073,1775
2004-05-23,1949,1361
2004-05-24,890,695
2004-05-25,630,780
2004-05-26,866,866
2004-05-27,732,921
2004-05-28,1218,1072
2004-05-29,2264,1684
2004-05-30,2221,1716
2004-05-31,1670,1315
2004-06-01,3036,1745
2004-06-02,1304,762
2004-06-03,1029,993
2004-06-04,998,1308
2004-06-05,2355,1968
2004-06-06,1865,1490
2004-06-07,822,1071
2004-06-08,878,891
2004-06-09,524,1002
2004-06-10,924,1055
2004-06-11,1167,1425
2004-06-12,1835,2252
2004-06-13,2056,1374
2004-06-14,982,903
2004-06-15,765,799
2004-06-16,869,1062
2004-06-17,1101,1072
2004-06-18,1231,1195
2004-06-19,2404,2114
2004-06-20,1822,1725
2004-06-21,1336,1157
2004-06-22,999,941
2004-06-23,1017,1035
2004-06-24,854,978
2004-06-25,1643,1431
2004-06-26,2049,2422
2004-06-27,1505,2210
2004-06-28,804,1425
2004-06-29,1089,1084
2004-06-30,1306,1080
2004-07-01,3328,2213
2004-07-02,900,1555
2004-07-03,2076,2106
2004-07-04,2374,2401
2004-07-05,1535,1157
2004-07-06,1140,1290
2004-07-07,1573,1252
2004-07-08,1446,1431
2004-07-09,1691,1441
2004-07-10,2271,2338
2004-07-11,1965,1676
2004-07-12,1853,1381
2004-07-13,1438,1482
2004-07-14,1634,1482
2004-07-15,1832,1399
2004-07-16,1958,1534
2004-07-17,2618,2276
2004-07-18,1855,1863
2004-07-19,1286,1057
2004-07-20,1001,1395
2004-07-21,1446,1202
2004-07-22,1121,1324
2004-07-23,1496,1477
2004-07-24,2580,2021
2004-07-25,2231,1723
2004-07-26,1206,1007
2004-07-27,1240,1339
2004-07-28,1246,1265
2004-07-29,970,1301
2004-07-30,1492,1559
2004-07-31,2955,2321
2004-08-01,4120,2930
2004-08-02,1034,1278
2004-08-03,999,1350
2004-08-04,1499,1350
2004-08-05,1621,1322
2004-08-06,1632,1691
2004-08-07,2489,2557
2004-08-08,1881,1931
2004-08-09,1291,1300
2004-08-10,1148,1447
2004-08-11,1349,1508
2004-08-12,1837,1443
2004-08-13,2382,1783
2004-08-14,2584,2899
2004-08-15,2382,2392
2004-08-16,1582,1466
2004-08-17,1560,1443
2004-08-18,1416,1505
2004-08-19,1348,1679
2004-08-20,1476,1742
2004-08-21,2624,2609
2004-08-22,2363,2279
2004-08-23,1114,1386
2004-08-24,951,1436
2004-08-25,1185,1229
2004-08-26,1067,1272
2004-08-27,1278,1608
2004-08-28,2189,2289
2004-08-29,2120,1984
2004-08-30,1240,1250
2004-08-31,931,1114
2004-09-01,2476,1786
2004-09-02,1119,1123
2004-09-03,1867,1730
2004-09-04,2905,2857
2004-09-05,2629,2274
2004-09-06,1154,1684
2004-09-07,939,1174
2004-09-08,1006,1212
2004-09-09,1012,1408
2004-09-10,1263,1333
2004-09-11,3249,2097
2004-09-12,2295,1773
2004-09-13,1165,1114
2004-09-14,1053,1284
2004-09-15,868,1182
2004-09-16,1117,1178
2004-09-17,1593,1378
2004-09-18,1919,2362
2004-09-19,2241,2132
2004-09-20,1303,1096
2004-09-21,977,1122
2004-09-22,1339,1084
2004-09-23,1109,1159
2004-09-24,2125,1359
2004-09-25,2323,2285
2004-09-26,1880,2210
2004-09-27,736,1116
2004-09-28,1223,1191
2004-09-29,747,1029
2004-09-30,972,1046
2004-10-01,2880,2111
2004-10-02,2305,2266
2004-10-03,1845,1894
2004-10-04,1049,1032
2004-10-05,1053,1097
2004-10-06,1329,1190
2004-10-07,1119,1148
2004-10-08,1124,1336
2004-10-09,1851,2137
2004-10-10,1918,2042
2004-10-11,1166,1196
2004-10-12,891,1336
2004-10-13,783,1016
2004-10-14,1079,1103
2004-10-15,937,1498
2004-10-16,2261,2977
2004-10-17,1739,2108
2004-10-18,1024,879
2004-10-19,829,943
2004-10-20,808,997
2004-10-21,1056,1041
2004-10-22,1009,1290
2004-10-23,2257,2159
2004-10-24,1886,1946
2004-10-25,892,1070
2004-10-26,1047,1117
2004-10-27,833,1202
2004-10-28,911,1289
2004-10-29,1191,1645
2004-10-30,2600,2475
2004-10-31,2250,2464
2004-11-01,3295,1636
2004-11-02,806,800
2004-11-03,839,869
2004-11-04,653,869
2004-11-05,1242,1184
2004-11-06,1656,1951
2004-11-07,1283,1562
2004-11-08,604,836
2004-11-09,677,787
2004-11-10,728,874
2004-11-11,1140,978
2004-11-12,839,1072
2004-11-13,1883,2360
2004-11-14,1513,1582
2004-11-15,931,912
2004-11-16,712,845
2004-11-17,612,888
2004-11-18,580,1014
2004-11-19,1739,1280
2004-11-20,2107,1924
2004-11-21,1897,1686
2004-11-22,741,949
2004-11-23,666,990
2004-11-24,857,1005
2004-11-25,1407,1778
2004-11-26,1177,1416
2004-11-27,1959,1835
2004-11-28,1373,1509
2004-11-29,609,933
2004-11-30,843,877
2004-12-01,1969,1577
2004-12-02,781,1165
2004-12-03,962,1385
2004-12-04,1784,1726
2004-12-05,1756,1634
2004-12-06,620,1044
2004-12-07,834,930
2004-12-08,656,1038
2004-12-09,830,1246
2004-12-10,933,1313
2004-12-11,1871,2066
2004-12-12,1768,1738
2004-12-13,955,1228
2004-12-14,665,1121
2004-12-15,648,1170
2004-12-16,662,1315
2004-12-17,801,1486
2004-12-18,1389,2296
2004-12-19,1564,2056
2004-12-20,1138,1343
2004-12-21,1099,1644
2004-12-22,881,1292
2004-12-23,962,1487
2004-12-24,1477,2383
2004-12-25,2130,3131
2004-12-26,1612,2019
2004-12-27,1634,1791
2004-12-28,1375,1775
2004-12-29,1851,1893
2004-12-30,1657,1940
2004-12-31,2651,4129
2005-01-01,12628,21073
2005-01-02,2808,4676
2005-01-03,2150,3230
2005-01-04,1892,2664
2005-01-05,1914,2648
2005-01-06,1677,2562
2005-01-07,1589,2744
2005-01-08,2223,2912
2005-01-09,1951,2838
2005-01-10,1207,1687
2005-01-11,1196,1724
2005-01-12,1414,1820
2005-01-13,1182,1893
2005-01-14,1481,2092
2005-01-15,1498,2929
2005-01-16,1740,2388
2005-01-17,1265,1645
2005-01-18,850,1506
2005-01-19,1292,1515
2005-01-20,1183,1736
2005-01-21,1410,2073
2005-01-22,1725,3011
2005-01-23,1924,2789
2005-01-24,984,1620
2005-01-25,842,1671
2005-01-26,1034,1879
2005-01-27,1094,1596
2005-01-28,1510,1850
2005-01-29,1859,2885
2005-01-30,2083,2375
2005-01-31,1588,1633
2005-02-01,2546,2003
2005-02-02,929,1478
2005-02-03,1253,1593
2005-02-04,1327,2283
2005-02-05,2142,2921
2005-02-06,1973,2647
2005-02-07,1172,1721
2005-02-08,1226,1836
2005-02-09,901,1662
2005-02-10,1178,1651
2005-02-11,1485,2085
2005-02-12,2794,2969
2005-02-13,2307,2784
2005-02-14,1090,1580
2005-02-15,1061,1862
2005-02-16,1149,1748
2005-02-17,1270,1845
2005-02-18,1385,2318
2005-02-19,3046,3224
2005-02-20,2327,3121
2005-02-21,1572,1970
2005-02-22,1195,1800
2005-02-23,1480,1828
2005-02-24,1276,2176
2005-02-25,2280,2502
2005-02-26,2493,3572
2005-02-27,2718,2943
2005-02-28,1493,1660
2005-03-01,3392,2339
2005-03-02,1516,1857
2005-03-03,1480,1844
2005-03-04,1896,2341
2005-03-05,2691,3487
2005-03-06,2253,2996
2005-03-07,1829,1959
2005-03-08,1295,1664
2005-03-09,2062,1801
2005-03-10,2075,2030
2005-03-11,2269,2347
2005-03-12,3579,3829
2005-03-13,3370,3334
2005-03-14,1716,1888
2005-03-15,1810,1846
2005-03-16,1608,2220
2005-03-17,2058,2490
2005-03-18,2557,2697
2005-03-19,4152,3947
2005-03-20,3130,3660
2005-03-21,2690,2753
2005-03-22,1868,2270
2005-03-23,1667,2166
2005-03-24,2875,2675
2005-03-25,3230,3623
2005-03-26,3654,4248
2005-03-27,2432,3557
2005-03-28,2107,2576
2005-03-29,1468,2211
2005-03-30,1512,2281
2005-03-31,1761,2258
2005-04-01,4668,2939
2005-04-02,3913,4503
2005-04-03,2782,3642
2005-04-04,1426,2142
2005-04-05,1571,2598
2005-04-06,1795,2176
2005-04-07,1975,2516
2005-04-08,1740,2985
2005-04-09,4143,4229
2005-04-10,3508,3836
2005-04-11,1788,2390
2005-04-12,1593,2020
2005-04-13,1653,1858
2005-04-14,2075,2286
2005-04-15,2190,2596
2005-04-16,3811,5201
2005-04-17,3633,4397
2005-04-18,2210,3129
2005-04-19,2127,3034
2005-04-20,1643,2797
2005-04-21,1722,2803
2005-04-22,2335,3136
2005-04-23,3869,4772
2005-04-24,3036,3967
2005-04-25,2229,2504
2005-04-26,1440,2864
2005-04-27,1451,2906
2005-04-28,1601,2634
2005-04-29,2637,3393
2005-04-30,4102,5130
2005-05-01,5371,6073
2005-05-02,2569,3353
2005-05-03,2271,3113
2005-05-04,2348,2847
2005-05-05,2360,3473
2005-05-06,2393,3654
2005-05-07,4877,5260
2005-05-08,4330,4258
2005-05-09,2134,2599
2005-05-10,1550,2494
2005-05-11,1823,2754
2005-05-12,2520,2798
2005-05-13,2475,3980
2005-05-14,4315,6003
2005-05-15,4201,4860
2005-05-16,1823,2884
2005-05-17,2203,2953
2005-05-18,2681,3255
2005-05-19,2185,3206
2005-05-20,3046,3940
2005-05-21,4331,6286
2005-05-22,3544,4665
2005-05-23,2594,3166
2005-05-24,2422,2891
2005-05-25,2445,3347
2005-05-26,2579,3637
2005-05-27,3281,4275
2005-05-28,5408,6740
2005-05-29,6344,6230
2005-05-30,3300,4465
2005-05-31,2460,2943
2005-06-01,4304,4299
2005-06-02,2448,3459
2005-06-03,2379,3981
2005-06-04,4442,5893
2005-06-05,3907,5275
2005-06-06,2457,2864
2005-06-07,2577,3171
2005-06-08,2216,3236
2005-06-09,2111,3431
2005-06-10,2903,3992
2005-06-11,5112,6568
2005-06-12,4382,5308
2005-06-13,1930,3388
2005-06-14,2574,3282
2005-06-15,3326,3034
2005-06-16,3416,3652
2005-06-17,3884,4289
2005-06-18,6669,7085
2005-06-19,4806,5302
2005-06-20,2704,3316
2005-06-21,2529,3790
2005-06-22,2740,3242
2005-06-23,3644,3555
2005-06-24,4349,4753
2005-06-25,6379,6981
2005-06-26,5811,6424
2005-06-27,3170,3371
2005-06-28,3280,3496
2005-06-29,3252,3357
2005-06-30,2979,3641
2005-07-01,7043,7433
2005-07-02,7022,8027
2005-07-03,5644,6883
2005-07-04,5263,6290
2005-07-05,3158,3605
2005-07-06,2833,3976
2005-07-07,2670,4593
2005-07-08,3327,4352
2005-07-09,5704,7272
2005-07-10,5581,6389
2005-07-11,3682,3573
2005-07-12,3152,4002
2005-07-13,3112,3825
2005-07-14,3741,4431
2005-07-15,3457,4838
2005-07-16,6034,7578
2005-07-17,5181,5923
2005-07-18,2788,3455
2005-07-19,2775,3656
2005-07-20,3316,3843
2005-07-21,3369,3973
2005-07-22,3785,4751
2005-07-23,5637,6934
2005-07-24,4222,6313
2005-07-25,2543,4557
2005-07-26,2999,4513
2005-07-27,3178,3818
2005-07-28,3390,4693
2005-07-29,3714,5431
2005-07-30,5701,8113
2005-07-31,4560,6240
2005-08-01,6404,5305
2005-08-02,2904,3930
2005-08-03,2768,3796
2005-08-04,3344,4479
2005-08-05,4872,5214
2005-08-06,6749,8615
2005-08-07,5131,6805
2005-08-08,3589,4253
2005-08-09,3436,4073
2005-08-10,3164,4149
2005-08-11,3086,4529
2005-08-12,4340,4721
2005-08-13,6172,7860
2005-08-14,4607,6213
2005-08-15,3141,4306
2005-08-16,3876,4482
2005-08-17,3485,4587
2005-08-18,4113,4603
2005-08-19,5037,5313
2005-08-20,7153,7837
2005-08-21,6349,6707
2005-08-22,3206,3736
2005-08-23,2468,3881
2005-08-24,3423,3813
2005-08-25,3230,4146
2005-08-26,3640,4768
2005-08-27,5531,7809
2005-08-28,5374,6306
2005-08-29,3237,4189
2005-08-30,2768,3658
2005-08-31,3364,3780
2005-09-01,5492,4899
2005-09-02,3287,4503
2005-09-03,7300,8128
2005-09-04,6676,7673
2005-09-05,4392,5114
2005-09-06,2546,3807
2005-09-07,3056,3977
2005-09-08,2905,3306
2005-09-09,3214,4852
2005-09-10,6032,7349
2005-09-11,4746,5893
2005-09-12,2553,3386
2005-09-13,3196,3263
2005-09-14,3106,3330
2005-09-15,3282,3652
2005-09-16,4019,4602
2005-09-17,7304,7926
2005-09-18,5402,6623
2005-09-19,3297,3406
2005-09-20,3184,3175
2005-09-21,3028,3833
2005-09-22,3179,4018
2005-09-23,3761,4631
2005-09-24,6847,8418
2005-09-25,4979,6930
2005-09-26,2397,2882
2005-09-27,3495,3189
2005-09-28,3150,3360
2005-09-29,3169,3329
2005-09-30,3183,4589
2005-10-01,9563,8794
2005-10-02,4711,5770
2005-10-03,3151,3230
2005-10-04,2880,2880
2005-10-05,3449,2930
2005-10-06,3279,3108
2005-10-07,3242,4078
2005-10-08,5642,7090
2005-10-09,5502,6813
2005-10-10,2580,4169
2005-10-11,2140,2885
2005-10-12,3152,2994
2005-10-13,2639,3467
2005-10-14,4426,4424
2005-10-15,6627,8221
2005-10-16,5099,6696
2005-10-17,2515,3128
2005-10-18,2347,3360
2005-10-19,2579,3475
2005-10-20,2808,3404
2005-10-21,3494,4429
2005-10-22,5735,7244
2005-10-23,4301,5780
2005-10-24,2242,3342
2005-10-25,2267,3124
2005-10-26,2545,3406
2005-10-27,2764,3999
2005-10-28,4018,5280
2005-10-29,6625,9725
2005-10-30,5861,7211
2005-10-31,3946,5127
2005-11-01,4844,4528
2005-11-02,3027,3250
2005-11-03,3094,3552
2005-11-04,3449,4476
2005-11-05,5608,7678
2005-11-06,3928,6064
2005-11-07,2083,3683
2005-11-08,2292,3129
2005-11-09,2130,3424
2005-11-10,2154,3246
2005-11-11,3690,4403
2005-11-12,5782,7693
2005-11-13,4534,6191
2005-11-14,1811,3149
2005-11-15,2281,2977
2005-11-16,2549,2959
2005-11-17,2417,2735
2005-11-18,3157,3855
2005-11-19,5160,6972
2005-11-20,4253,5405
2005-11-21,1980,3151
2005-11-22,2168,3063
2005-11-23,2653,3218
2005-11-24,3057,5302
2005-11-25,3810,4905
2005-11-26,5361,6573
2005-11-27,4004,5067
2005-11-28,1463,2785
2005-11-29,1927,2988
2005-11-30,1935,2721
2005-12-01,3096,3845
2005-12-02,2299,3805
2005-12-03,5290,6151
2005-12-04,3626,5404
2005-12-05,2517,3080
2005-12-06,2462,3004
2005-12-07,2524,3046
2005-12-08,2488,3257
2005-12-09,3203,4528
2005-12-10,5397,6557
2005-12-11,4749,5464
2005-12-12,1748,3147
2005-12-13,1709,3535
2005-12-14,2275,3160
2005-12-15,2340,3437
2005-12-16,3660,4291
2005-12-17,4503,6660
2005-12-18,4068,5806
2005-12-19,2346,3840
2005-12-20,2743,3995
2005-12-21,2982,3806
2005-12-22,3334,4215
2005-12-23,4323,5060
2005-12-24,6022,7701
2005-12-25,6584,8310
2005-12-26,4608,5683
2005-12-27,5510,5410
2005-12-28,7023,5300
2005-12-29,4847,5735
2005-12-30,5297,6085
2005-12-31,7878,9095
2006-01-01,16081,23669
2006-01-02,5834,8153
2006-01-03,4772,5630
2006-01-04,4925,5244
2006-01-05,4431,4698
2006-01-06,4214,5429
2006-01-07,5318,7462
2006-01-08,4606,6332
2006-01-09,2518,4038
2006-01-10,2613,3833
2006-01-11,3063,3747
2006-01-12,2810,4021
2006-01-13,3633,4828
2006-01-14,6268,7420
2006-01-15,4273,6779
2006-01-16,3238,4363
2006-01-17,2190,3220
2006-01-18,2519,3605
2006-01-19,2634,3770
2006-01-20,3659,4878
2006-01-21,5820,8133
2006-01-22,4288,5967
2006-01-23,2876,3876
2006-01-24,2532,3768
2006-01-25,2363,3784
2006-01-26,3999,4500
2006-01-27,5507,4831
2006-01-28,6626,7402
2006-01-29,5763,6917
2006-01-30,2603,4014
2006-01-31,2969,3694
2006-02-01,4471,4521
2006-02-02,2904,4176
2006-02-03,3721,4243
2006-02-04,5589,7537
2006-02-05,5537,6578
2006-02-06,2442,3568
2006-02-07,3393,3407
2006-02-08,2987,3723
2006-02-09,3621,3763
2006-02-10,3483,5183
2006-02-11,7316,8443
2006-02-12,6348,7792
2006-02-13,2834,3903
2006-02-14,2854,4011
2006-02-15,3362,3588
2006-02-16,3409,3962
2006-02-17,4393,5154
2006-02-18,6552,8107
2006-02-19,6719,6936
2006-02-20,3359,4488
2006-02-21,3365,3685
2006-02-22,3448,3881
2006-02-23,3573,4055
2006-02-24,4031,5392
2006-02-25,7839,8851
2006-02-26,6735,7131
2006-02-27,3994,4237
2006-02-28,4284,4432
2006-03-01,4647,4577
2006-03-02,3254,4391
2006-03-03,4149,5306
2006-03-04,7279,8910
2006-03-05,7193,7257
2006-03-06,3797,4266
2006-03-07,3560,3904
2006-03-08,3335,4279
2006-03-09,3590,4358
2006-03-10,4460,6089
2006-03-11,8104,10074
2006-03-12,6576,7576
2006-03-13,3326,5601
2006-03-14,3312,4886
2006-03-15,3356,5109
2006-03-16,3988,5624
2006-03-17,5386,6783
2006-03-18,8509,9671
2006-03-19,6262,8608
2006-03-20,3354,4553
2006-03-21,2909,4733
2006-03-22,4152,4286
2006-03-23,3673,4682
2006-03-24,3803,6034
2006-03-25,7258,9771
2006-03-26,7135,7799
2006-03-27,3091,4880
2006-03-28,3768,4757
2006-03-29,4364,5728
2006-03-30,4274,5340
2006-03-31,5494,7561
2006-04-01,11822,12192
2006-04-02,7240,9530
2006-04-03,3932,4994
2006-04-04,4260,4986
2006-04-05,5117,5241
2006-04-06,4917,5400
2006-04-07,5988,6727
2006-04-08,9450,10161
2006-04-09,9209,9329
2006-04-10,5108,5540
2006-04-11,4818,5142
2006-04-12,4949,5159
2006-04-13,6027,5847
2006-04-14,8851,7947
2006-04-15,10259,11354
2006-04-16,8685,10289
2006-04-17,6240,6331
2006-04-18,3641,4771
2006-04-19,4224,5021
2006-04-20,5404,5197
2006-04-21,5967,6753
2006-04-22,10624,11116
2006-04-23,9590,8978
2006-04-24,4892,4758
2006-04-25,4380,5109
2006-04-26,4134,4682
2006-04-27,4894,5114
2006-04-28,7586,6680
2006-04-29,12378,12262
2006-04-30,10365,10803
2006-05-01,12141,9499
2006-05-02,5287,5524
2006-05-03,4537,6045
2006-05-04,5233,5971
2006-05-05,6388,8228
2006-05-06,11094,12547
2006-05-07,8641,9877
2006-05-08,4659,5138
2006-05-09,3623,5066
2006-05-10,4649,5264
2006-05-11,6213,5961
2006-05-12,7160,7161
2006-05-13,10728,11464
2006-05-14,9418,9388
2006-05-15,4368,5019
2006-05-16,4340,5471
2006-05-17,4889,5323
2006-05-18,6124,5913
2006-05-19,6434,7078
2006-05-20,12542,13019
2006-05-21,9494,10593
2006-05-22,5224,5493
2006-05-23,5707,5132
2006-05-24,5725,5670
2006-05-25,6950,6484
2006-05-26,7782,8470
2006-05-27,12295,13322
2006-05-28,13695,13391
2006-05-29,7749,8076
2006-05-30,5909,5862
2006-05-31,5536,5795
2006-06-01,9957,8494
2006-06-02,8809,7880
2006-06-03,13714,13268
2006-06-04,12239,11616
2006-06-05,5945,6137
2006-06-06,5311,5750
2006-06-07,5477,5533
2006-06-08,5841,6042
2006-06-09,7831,8073
2006-06-10,12609,13342
2006-06-11,11694,11600
2006-06-12,6032,5709
2006-06-13,5582,5537
2006-06-14,6089,6033
2006-06-15,7605,6448
2006-06-16,8369,8047
2006-06-17,13886,13847
2006-06-18,10259,10511
2006-06-19,5912,5939
2006-06-20,5872,6036
2006-06-21,5623,6356
2006-06-22,5536,6762
2006-06-23,7895,8985
2006-06-24,15343,14438
2006-06-25,12158,10813
2006-06-26,5740,5842
2006-06-27,6469,5483
2006-06-28,7233,6438
2006-06-29,7417,7008
2006-06-30,9163,8997
2006-07-01,19311,16979
2006-07-02,13930,12796
2006-07-03,10785,9271
2006-07-04,14151,11336
2006-07-05,8163,8248
2006-07-06,7848,7532
2006-07-07,8697,9253
2006-07-08,14883,14723
2006-07-09,12641,10875
2006-07-10,7080,6429
2006-07-11,6806,6300
2006-07-12,7404,7143
2006-07-13,7844,7360
2006-07-14,8559,8424
2006-07-15,14684,13894
2006-07-16,14559,11538
2006-07-17,7544,6471
2006-07-18,7721,6190
2006-07-19,8500,6535
2006-07-20,8814,6882
2006-07-21,10716,8222
2006-07-22,16235,13557
2006-07-23,14918,11272
2006-07-24,8759,6796
2006-07-25,8139,6501
2006-07-26,9409,7704
2006-07-27,9287,7788
2006-07-28,9836,9290
2006-07-29,16013,14517
2006-07-30,14048,11817
2006-07-31,7500,6269
2006-08-01,14317,8342
2006-08-02,8921,7036
2006-08-03,9201,7031
2006-08-04,12718,8920
2006-08-05,22818,15297
2006-08-06,15708,12125
2006-08-07,8867,6830
2006-08-08,10016,7070
2006-08-09,9990,6883
2006-08-10,10170,7369
2006-08-11,11055,8837
2006-08-12,19482,13781
2006-08-13,14875,11860
2006-08-14,9640,6727
2006-08-15,11082,6701
2006-08-16,9166,6648
2006-08-17,10009,7125
2006-08-18,11804,8764
2006-08-19,20239,13898
2006-08-20,17084,11240
2006-08-21,8881,6323
2006-08-22,8658,6506
2006-08-23,9037,6825
2006-08-24,9977,6487
2006-08-25,13381,7841
2006-08-26,21203,13512
2006-08-27,18959,11410
2006-08-28,9697,6612
2006-08-29,7949,5653
2006-08-30,9166,5753
2006-08-31,10134,6681
2006-09-01,15069,10017
2006-09-02,21172,13571
2006-09-03,20636,13555
2006-09-04,11691,7626
2006-09-05,8072,5210
2006-09-06,8035,5487
2006-09-07,7633,5713
2006-09-08,10852,8141
2006-09-09,20694,14269
2006-09-10,16372,11252
2006-09-11,8250,6085
2006-09-12,6961,5709
2006-09-13,8544,5811
2006-09-14,8166,6015
2006-09-15,10495,8317
2006-09-16,19853,14549
2006-09-17,15541,11283
2006-09-18,6817,5766
2006-09-19,6679,5660
2006-09-20,6947,5965
2006-09-21,7633,6568
2006-09-22,9568,7278
2006-09-23,19103,14165
2006-09-24,14868,11382
2006-09-25,6975,5758
2006-09-26,6686,5692
2006-09-27,7452,5375
2006-09-28,7735,6326
2006-09-29,9755,8551
2006-09-30,22808,14655
2006-10-01,17262,11734
2006-10-02,6938,5938
2006-10-03,7045,5747
2006-10-04,6807,5696
2006-10-05,7427,6655
2006-10-06,9677,8047
2006-10-07,19845,15600
2006-10-08,16537,13252
2006-10-09,8919,7210
2006-10-10,6549,5432
2006-10-11,6947,5357
2006-10-12,8187,6212
2006-10-13,9481,8077
2006-10-14,18852,14359
2006-10-15,13689,10725
2006-10-16,5681,5187
2006-10-17,5915,4992
2006-10-18,5534,5540
2006-10-19,5066,5991
2006-10-20,8170,7410
2006-10-21,19707,13895
2006-10-22,14249,10612
2006-10-23,5807,5417
2006-10-24,6557,5503
2006-10-25,6213,5473
2006-10-26,7347,5773
2006-10-27,9451,8160
2006-10-28,18545,15597
2006-10-29,16886,12625
2006-10-30,6854,5970
2006-10-31,7938,7944
2006-11-01,8746,7059
2006-11-02,5908,6216
2006-11-03,8361,7136
2006-11-04,17159,13729
2006-11-05,13323,10684
2006-11-06,5526,5474
2006-11-07,5797,4798
2006-11-08,5390,5048
2006-11-09,7171,5995
2006-11-10,8821,7721
2006-11-11,14940,13847
2006-11-12,12926,9012
2006-11-13,4675,4794
2006-11-14,5375,4689
2006-11-15,5434,4968
2006-11-16,6279,5153
2006-11-17,7236,6618
2006-11-18,14625,11599
2006-11-19,12074,9782
2006-11-20,4444,5170
2006-11-21,4355,5095
2006-11-22,5686,5682
2006-11-23,8117,9504
2006-11-24,10124,8876
2006-11-25,14258,12112
2006-11-26,12231,9539
2006-11-27,4938,4740
2006-11-28,5147,4479
2006-11-29,4892,4535
2006-11-30,5757,5446
2006-12-01,9369,8481
2006-12-02,14324,11707
2006-12-03,10420,9386
2006-12-04,4928,4376
2006-12-05,4514,4735
2006-12-06,5340,5061
2006-12-07,5921,5398
2006-12-08,8220,6687
2006-12-09,13060,11610
2006-12-10,11476,9789
2006-12-11,5814,4722
2006-12-12,4813,4744
2006-12-13,5091,4649
2006-12-14,6148,5606
2006-12-15,8287,6989
2006-12-16,13139,11301
2006-12-17,11753,9901
2006-12-18,6300,5869
2006-12-19,6164,6052
2006-12-20,7119,6011
2006-12-21,7224,6586
2006-12-22,8845,7669
2006-12-23,12013,10666
2006-12-24,13487,13304
2006-12-25,14253,14259
2006-12-26,9399,8188
2006-12-27,10123,8306
2006-12-28,11354,8847
2006-12-29,12230,9944
2006-12-30,15795,11887
2006-12-31,17783,15228
2007-01-01,22942,32151
2007-01-02,10315,10221
2007-01-03,9999,8282
2007-01-04,9631,8194
2007-01-05,9788,7898
2007-01-06,13613,10985
2007-01-07,11426,9075
2007-01-08,7438,7935
2007-01-09,7275,7344
2007-01-10,7100,6361
2007-01-11,6669,6709
2007-01-12,7318,7172
2007-01-13,14910,11465
2007-01-14,15064,10386
2007-01-15,6373,7347
2007-01-16,6768,6201
2007-01-17,5904,6152
2007-01-18,5893,6032
2007-01-19,7438,7045
2007-01-20,13871,12806
2007-01-21,13721,10626
2007-01-22,6040,5377
2007-01-23,6813,5521
2007-01-24,7064,5777
2007-01-25,6916,5961
2007-01-26,8148,7831
2007-01-27,16395,12645
2007-01-28,13893,11205
2007-01-29,6198,5409
2007-01-30,5902,5101
2007-01-31,5998,5213
2007-02-01,9457,7029
2007-02-02,8374,6975
2007-02-03,15037,12196
2007-02-04,13133,11244
2007-02-05,7160,5640
2007-02-06,5691,5834
2007-02-07,5912,6100
2007-02-08,8502,7181
2007-02-09,8386,7681
2007-02-10,15563,12368
2007-02-11,14009,11751
2007-02-12,6069,6370
2007-02-13,6738,6937
2007-02-14,7364,7019
2007-02-15,6932,6789
2007-02-16,9951,8260
2007-02-17,20117,14299
2007-02-18,17461,13092
2007-02-19,9088,8144
2007-02-20,9134,7860
2007-02-21,7294,6767
2007-02-22,7112,6826
2007-02-23,10551,8570
2007-02-24,16785,13925
2007-02-25,13384,10755
2007-02-26,7044,5796
2007-02-27,5671,5986
2007-02-28,6897,6372
2007-03-01,10127,7684
2007-03-02,10045,8131
2007-03-03,18716,14492
2007-03-04,15920,12752
2007-03-05,7630,6163
2007-03-06,7346,6183
2007-03-07,7263,6296
2007-03-08,6831,6805
2007-03-09,9473,8598
2007-03-10,18824,15940
2007-03-11,18351,13007
2007-03-12,7853,7317
2007-03-13,8629,7505
2007-03-14,7315,7290
2007-03-15,8628,7405
2007-03-16,12312,9675
2007-03-17,21062,16562
2007-03-18,16171,13136
2007-03-19,8796,6492
2007-03-20,7963,6578
2007-03-21,10268,7501
2007-03-22,8903,8912
2007-03-23,9648,12961
2007-03-24,21580,18242
2007-03-25,20257,13619
2007-03-26,8854,9284
2007-03-27,7780,11767
2007-03-28,9029,11875
2007-03-29,8427,11885
2007-03-30,11327,14085
2007-03-31,23201,19772
2007-04-01,20707,16121
2007-04-02,9394,8305
2007-04-03,8308,7330
2007-04-04,9333,7406
2007-04-05,11378,11378
2007-04-06,17203,15329
2007-04-07,21958,18866
2007-04-08,19838,17036
2007-04-09,13105,12156
2007-04-10,8615,8542
2007-04-11,8216,7096
2007-04-12,8726,7529
2007-04-13,11902,9404
2007-04-14,20307,20556
2007-04-15,16124,14751
2007-04-16,8609,9488
2007-04-17,7818,9240
2007-04-18,7189,9493
2007-04-19,10777,7753
2007-04-20,12272,10373
2007-04-21,22979,18689
2007-04-22,19013,16124
2007-04-23,7346,7799
2007-04-24,6752,8922
2007-04-25,8473,9585
2007-04-26,8631,11910
2007-04-27,12154,12728
2007-04-28,24158,23107
2007-04-29,20310,20426
2007-04-30,10661,14054
2007-05-01,16008,15905
2007-05-02,9657,11089
2007-05-03,10206,14000
2007-05-04,12862,15407
2007-05-05,27375,22000
2007-05-06,17804,16679
2007-05-07,10679,13692
2007-05-08,9308,13016
2007-05-09,8531,12166
2007-05-10,10128,9926
2007-05-11,13783,11043
2007-05-12,24069,20527
2007-05-13,16640,16066
2007-05-14,8183,11883
2007-05-15,7608,10197
2007-05-16,7962,7637
2007-05-17,10635,9300
2007-05-18,15018,11687
2007-05-19,26281,21522
2007-05-20,20651,16485
2007-05-21,9130,12170
2007-05-22,10670,12088
2007-05-23,9941,13477
2007-05-24,9955,13909
2007-05-25,12713,15940
2007-05-26,26377,24145
2007-05-27,23650,23116
2007-05-28,15687,13207
2007-05-29,8791,11782
2007-05-30,7683,9113
2007-05-31,10740,9087
2007-06-01,13776,14746
2007-06-02,28020,20851
2007-06-03,20922,15949
2007-06-04,8758,9621
2007-06-05,8933,10245
2007-06-06,9584,10921
2007-06-07,10994,10982
2007-06-08,15189,13535
2007-06-09,26715,23985
2007-06-10,23022,19080
2007-06-11,10630,10265
2007-06-12,10477,9851
2007-06-13,10430,8938
2007-06-14,12516,9939
2007-06-15,14423,12319
2007-06-16,27050,21375
2007-06-17,22878,17970
2007-06-18,10808,11439
2007-06-19,9925,10893
2007-06-20,9389,9477
2007-06-21,11630,11149
2007-06-22,14333,14717
2007-06-23,27771,25148
2007-06-24,25591,19844
2007-06-25,10547,11193
2007-06-26,9297,10513
2007-06-27,8272,11311
2007-06-28,10950,11715
2007-06-29,14666,15279
2007-06-30,25285,23219
2007-07-01,26299,20775
2007-07-02,10545,11550
2007-07-03,13482,11478
2007-07-04,24009,19765
2007-07-05,12027,12678
2007-07-06,16100,15333
2007-07-07,31958,25031
2007-07-08,21215,18856
2007-07-09,11317,9716
2007-07-10,11602,9607
2007-07-11,10910,10483
2007-07-12,13042,11232
2007-07-13,15034,13574
2007-07-14,30020,24383
2007-07-15,22212,18564
2007-07-16,11211,10337
2007-07-17,12015,9750
2007-07-18,12006,9866
2007-07-19,12337,10284
2007-07-20,15560,14250
2007-07-21,24935,24282
2007-07-22,21670,21483
2007-07-23,11088,13730
2007-07-24,11197,10356
2007-07-25,13914,11280
2007-07-26,12889,11289
2007-07-27,16163,13693
2007-07-28,39676,23214
2007-07-29,22925,17379
2007-07-30,11854,9443
2007-07-31,11753,10098
2007-08-01,17896,12414
2007-08-02,13057,10815
2007-08-03,15852,13889
2007-08-04,29879,25138
2007-08-05,23367,20335
2007-08-06,13297,15141
2007-08-07,12687,15458
2007-08-08,13906,15442
2007-08-09,15131,15352
2007-08-10,17130,14710
2007-08-11,29745,21517
2007-08-12,21921,16893
2007-08-13,11977,10772
2007-08-14,14192,10592
2007-08-15,13701,10857
2007-08-16,14992,12328
2007-08-17,15261,13830
2007-08-18,28531,22399
2007-08-19,20841,16412
2007-08-20,12285,9015
2007-08-21,10717,9442
2007-08-22,12252,10043
2007-08-23,12889,10233
2007-08-24,17338,12740
2007-08-25,27849,23413
2007-08-26,24217,22255
2007-08-27,13408,11547
2007-08-28,11710,9367
2007-08-29,11885,9360
2007-08-30,11546,9789
2007-08-31,16698,12947
2007-09-01,33064,23642
2007-09-02,26208,20200
2007-09-03,14159,12215
2007-09-04,10063,8691
2007-09-05,10449,10337
2007-09-06,12773,9645
2007-09-07,14926,12463
2007-09-08,24646,22805
2007-09-09,21083,19936
2007-09-10,10131,9664
2007-09-11,9329,9647
2007-09-12,10029,8737
2007-09-13,11080,10931
2007-09-14,12782,12206
2007-09-15,29722,23925
2007-09-16,26255,19273
2007-09-17,10768,8965
2007-09-18,8989,7816
2007-09-19,9232,8833
2007-09-20,10679,8964
2007-09-21,12201,12785
2007-09-22,26323,22520
2007-09-23,24958,18440
2007-09-24,11609,9305
2007-09-25,10800,9721
2007-09-26,10208,8337
2007-09-27,10618,9328
2007-09-28,12728,11668
2007-09-29,28833,21709
2007-09-30,19182,17041
2007-10-01,14619,9245
2007-10-02,9049,7437
2007-10-03,8443,8435
2007-10-04,10130,9265
2007-10-05,13989,11680
2007-10-06,24060,21903
2007-10-07,21793,21835
2007-10-08,9439,12753
2007-10-09,8464,12398
2007-10-10,8536,10171
2007-10-11,9048,8963
2007-10-12,14535,11593
2007-10-13,24742,21269
2007-10-14,19816,17708
2007-10-15,8159,7891
2007-10-16,9594,8083
2007-10-17,8095,8840
2007-10-18,10094,10538
2007-10-19,13489,12238
2007-10-20,26279,23353
2007-10-21,21707,19150
2007-10-22,8675,8327
2007-10-23,7852,7880
2007-10-24,8206,9029
2007-10-25,8827,9343
2007-10-26,9986,13761
2007-10-27,21168,26149
2007-10-28,20147,18124
2007-10-29,7115,10442
2007-10-30,7575,8156
2007-10-31,10985,13170
2007-11-01,12195,11085
2007-11-02,15760,16467
2007-11-03,21550,26789
2007-11-04,18411,21149
2007-11-05,7533,12212
2007-11-06,7869,7952
2007-11-07,7163,7981
2007-11-08,10081,8075
2007-11-09,11963,11115
2007-11-10,19255,18522
2007-11-11,17590,17865
2007-11-12,8963,11402
2007-11-13,7226,8297
2007-11-14,8401,8091
2007-11-15,9148,9620
2007-11-16,10122,11467
2007-11-17,17205,17954
2007-11-18,15832,16505
2007-11-19,6550,11276
2007-11-20,7660,12066
2007-11-21,7698,9663
2007-11-22,10918,13699
2007-11-23,13514,13436
2007-11-24,18100,16655
2007-11-25,13955,14010
2007-11-26,6413,6396
2007-11-27,7239,6345
2007-11-28,6022,6607
2007-11-29,7249,12346
2007-11-30,8825,12319
2007-12-01,20065,17478
2007-12-02,13962,15024
2007-12-03,6231,6496
2007-12-04,9049,7330
2007-12-05,7928,7896
2007-12-06,7939,7942
2007-12-07,9738,10084
2007-12-08,16853,16452
2007-12-09,13438,13882
2007-12-10,6859,7797
2007-12-11,6885,7439
2007-12-12,6404,7474
2007-12-13,7785,7585
2007-12-14,10108,10083
2007-12-15,18821,15901
2007-12-16,14466,13719
2007-12-17,5886,6670
2007-12-18,7082,7362
2007-12-19,7541,7813
2007-12-20,8731,10065
2007-12-21,9857,9979
2007-12-22,16102,14563
2007-12-23,14202,14138
2007-12-24,13793,15255
2007-12-25,14445,19495
2007-12-26,12909,11208
2007-12-27,12995,11430
2007-12-28,13521,12145
2007-12-29,17427,16021
2007-12-30,17807,15624
2007-12-31,19303,19480
2008-01-01,24413,32618
2008-01-02,11593,15108
2008-01-03,10889,13289
2008-01-04,9982,11743
2008-01-05,14127,18324
2008-01-06,12990,18077
2008-01-07,7817,8778
2008-01-08,8460,7603
2008-01-09,7713,8267
2008-01-10,6386,9238
2008-01-11,8522,9408
2008-01-12,16350,19855
2008-01-13,14439,15799
2008-01-14,6727,9784
2008-01-15,7505,9719
2008-01-16,6604,8640
2008-01-17,8008,7690
2008-01-18,9799,11881
2008-01-19,17385,17525
2008-01-20,14511,19435
2008-01-21,7625,9862
2008-01-22,6247,7937
2008-01-23,6972,11617
2008-01-24,7471,13129
2008-01-25,9456,14747
2008-01-26,18134,18652
2008-01-27,15706,15378
2008-01-28,7504,8059
2008-01-29,6812,7327
2008-01-30,7185,8160
2008-01-31,7950,13003
2008-02-01,11453,12403
2008-02-02,19686,22133
2008-02-03,15368,18720
2008-02-04,7174,12671
2008-02-05,8817,9213
2008-02-06,8401,8522
2008-02-07,8978,11775
2008-02-08,12828,11410
2008-02-09,23133,18256
2008-02-10,20167,15897
2008-02-11,7775,11247
2008-02-12,8660,9502
2008-02-13,7603,13019
2008-02-14,9431,14158
2008-02-15,10164,10678
2008-02-16,24222,20191
2008-02-17,19599,22278
2008-02-18,10274,15345
2008-02-19,8718,12415
2008-02-20,8557,14177
2008-02-21,9433,9071
2008-02-22,10676,12470
2008-02-23,20235,19621
2008-02-24,16024,14337
2008-02-25,8018,7770
2008-02-26,8456,8106
2008-02-27,9185,10757
2008-02-28,10766,13854
2008-02-29,11308,12506
2008-03-01,25056,22161
2008-03-02,20119,16833
2008-03-03,8297,11774
2008-03-04,8164,9817
2008-03-05,9858,9428
2008-03-06,10227,9548
2008-03-07,10082,11226
2008-03-08,21051,21515
2008-03-09,18639,18166
2008-03-10,7751,10786
2008-03-11,7840,10143
2008-03-12,7872,9325
2008-03-13,9767,12297
2008-03-14,12632,13779
2008-03-15,24722,23498
2008-03-16,21936,20654
2008-03-17,10729,10144
2008-03-18,11330,12957
2008-03-19,11038,11791
2008-03-20,12466,13738
2008-03-21,17218,16460
2008-03-22,23158,20827
2008-03-23,20374,21034
2008-03-24,13313,11804
2008-03-25,10588,9694
2008-03-26,12157,9730
2008-03-27,11030,10367
2008-03-28,13694,12184
2008-03-29,26441,22443
2008-03-30,20883,16886
2008-03-31,9435,9133
2008-04-01,12567,9952
2008-04-02,9684,9527
2008-04-03,9858,9689
2008-04-04,14403,13327
2008-04-05,27050,24147
2008-04-06,24599,19533
2008-04-07,12245,9430
2008-04-08,9153,10565
2008-04-09,9522,12345
2008-04-10,9803,11370
2008-04-11,11925,13362
2008-04-12,27122,23990
2008-04-13,21993,19529
2008-04-14,7449,10632
2008-04-15,9414,9960
2008-04-16,10124,10499
2008-04-17,12090,11326
2008-04-18,13344,14073
2008-04-19,29539,24765
2008-04-20,22880,20737
2008-04-21,10378,10161
2008-04-22,10197,10790
2008-04-23,10558,10631
2008-04-24,10220,11797
2008-04-25,15693,15332
2008-04-26,29789,28562
2008-04-27,21816,20969
2008-04-28,10755,10393
2008-04-29,9640,10492
2008-04-30,12898,10758
2008-05-01,22299,17348
2008-05-02,18203,16674
2008-05-03,36744,28625
2008-05-04,28485,22516
2008-05-05,13942,12361
2008-05-06,11959,11029
2008-05-07,10817,10997
2008-05-08,12458,11652
2008-05-09,15370,15028
2008-05-10,33501,27387
2008-05-11,21516,20308
2008-05-12,12065,11341
2008-05-13,11703,11322
2008-05-14,10931,10808
2008-05-15,12955,12717
2008-05-16,14789,15245
2008-05-17,33086,27429
2008-05-18,25518,22518
2008-05-19,14101,11562
2008-05-20,11714,11757
2008-05-21,12238,12450
2008-05-22,13914,13223
2008-05-23,17712,15968
2008-05-24,32982,28988
2008-05-25,29760,26148
2008-05-26,16971,15305
2008-05-27,10220,11138
2008-05-28,11789,13019
2008-05-29,11393,12451
2008-05-30,17152,15103
2008-05-31,32487,25785
2008-06-01,26479,23017
2008-06-02,9811,10770
2008-06-03,9542,10161
2008-06-04,10973,11197
2008-06-05,12345,12073
2008-06-06,14922,15376
2008-06-07,29402,27228
2008-06-08,23741,22272
2008-06-09,11148,11605
2008-06-10,11326,11678
2008-06-11,11265,11528
2008-06-12,11935,12765
2008-06-13,15092,15658
2008-06-14,31982,28430
2008-06-15,24800,21798
2008-06-16,13534,11758
2008-06-17,11910,11254
2008-06-18,16028,12637
2008-06-19,15899,12945
2008-06-20,18579,17180
2008-06-21,38695,30547
2008-06-22,24092,22341
2008-06-23,13290,12336
2008-06-24,11498,12601
2008-06-25,11971,13525
2008-06-26,13420,12757
2008-06-27,17862,16941
2008-06-28,36739,29817
2008-06-29,28065,24680
2008-06-30,14367,13887
2008-07-01,19016,15188
2008-07-02,13953,12810
2008-07-03,14063,15851
2008-07-04,28547,30033
2008-07-05,34084,28117
2008-07-06,24970,21114
2008-07-07,12181,12137
2008-07-08,13880,12209
2008-07-09,12641,11838
2008-07-10,13228,14419
2008-07-11,18168,18871
2008-07-12,32087,28662
2008-07-13,25470,22843
2008-07-14,14589,13799
2008-07-15,14858,13095
2008-07-16,13662,13255
2008-07-17,13644,14226
2008-07-18,17388,17313
2008-07-19,34927,30525
2008-07-20,24860,23129
2008-07-21,13778,13353
2008-07-22,12910,12897
2008-07-23,14178,14348
2008-07-24,16592,14696
2008-07-25,20192,17482
2008-07-26,35685,30073
2008-07-27,27647,22396
2008-07-28,12963,13243
2008-07-29,12105,13247
2008-07-30,13430,13233
2008-07-31,15095,13374
2008-08-01,24202,19354
2008-08-02,35463,29066
2008-08-03,26442,23868
2008-08-04,15116,13941
2008-08-05,14636,12892
2008-08-06,15723,13358
2008-08-07,16082,14724
2008-08-08,21066,19502
2008-08-09,32887,27949
2008-08-10,26720,22626
2008-08-11,13859,13035
2008-08-12,15519,13685
2008-08-13,14591,12932
2008-08-14,18805,14186
2008-08-15,21627,17912
2008-08-16,33375,28853
2008-08-17,25394,22028
2008-08-18,13122,12138
2008-08-19,12187,12675
2008-08-20,12912,12021
2008-08-21,14195,13054
2008-08-22,16829,15618
2008-08-23,35108,28137
2008-08-24,26422,21635
2008-08-25,14825,13012
2008-08-26,13818,12546
2008-08-27,13845,12637
2008-08-28,14647,14607
2008-08-29,17479,16650
2008-08-30,33988,29726
2008-08-31,29399,25191
2008-09-01,18995,16290
2008-09-02,9175,10858
2008-09-03,9759,10399
2008-09-04,10546,11142
2008-09-05,13555,13335
2008-09-06,25992,25542
2008-09-07,24581,22508
2008-09-08,11248,11470
2008-09-09,11302,10597
2008-09-10,11968,10770
2008-09-11,12482,11975
2008-09-12,12895,14489
2008-09-13,29364,27030
2008-09-14,24150,20292
2008-09-15,10788,11456
2008-09-16,10734,10736
2008-09-17,10070,11282
2008-09-18,12912,12229
2008-09-19,17360,15334
2008-09-20,36800,28845
2008-09-21,26793,22526
2008-09-22,11675,10556
2008-09-23,10783,10516
2008-09-24,12254,10733
2008-09-25,12141,11543
2008-09-26,15859,14690
2008-09-27,31851,28098
2008-09-28,27640,20960
2008-09-29,9471,10885
2008-09-30,8949,9642
2008-10-01,12539,12392
2008-10-02,11218,11631
2008-10-03,14632,15265
2008-10-04,34117,28931
2008-10-05,25874,21334
2008-10-06,10026,10636
2008-10-07,11266,9853
2008-10-08,10879,10721
2008-10-09,13643,12371
2008-10-10,16390,17567
2008-10-11,36908,30294
2008-10-12,29975,26479
2008-10-13,12247,11766
2008-10-14,9545,10703
2008-10-15,10020,10215
2008-10-16,11721,11528
2008-10-17,15400,16362
2008-10-18,33299,31822
2008-10-19,23709,23411
2008-10-20,8971,10182
2008-10-21,9137,10184
2008-10-22,10292,11192
2008-10-23,10973,10848
2008-10-24,13374,14286
2008-10-25,29499,26935
2008-10-26,22182,22607
2008-10-27,8954,10802
2008-10-28,9346,9342
2008-10-29,10018,10167
2008-10-30,10118,12730
2008-10-31,18148,23059
2008-11-01,27709,26448
2008-11-02,22357,21304
2008-11-03,8602,9988
2008-11-04,9968,12364
2008-11-05,10965,10643
2008-11-06,8778,10956
2008-11-07,13368,13398
2008-11-08,29515,23273
2008-11-09,22408,18408
2008-11-10,9084,9998
2008-11-11,11787,10579
2008-11-12,9030,9737
2008-11-13,8808,10215
2008-11-14,12028,13308
2008-11-15,24953,24788
2008-11-16,17869,18528
2008-11-17,8055,8201
2008-11-18,8085,8717
2008-11-19,8175,9326
2008-11-20,9153,9137
2008-11-21,10776,11710
2008-11-22,19916,22365
2008-11-23,17092,19436
2008-11-24,8963,9298
2008-11-25,9523,10006
2008-11-26,10331,10131
2008-11-27,13017,17112
2008-11-28,14255,14681
2008-11-29,21687,22234
2008-11-30,15826,17098
2008-12-01,10704,9599
2008-12-02,8436,8175
2008-12-03,7799,9039
2008-12-04,8242,9116
2008-12-05,11775,12882
2008-12-06,21534,23076
2008-12-07,19593,20593
2008-12-08,8355,9590
2008-12-09,7887,9619
2008-12-10,8207,10018
2008-12-11,9300,10500
2008-12-12,10144,13071
2008-12-13,20269,21699
2008-12-14,15108,17166
2008-12-15,7509,9824
2008-12-16,7939,9934
2008-12-17,7946,10001
2008-12-18,9276,11823
2008-12-19,10471,13436
2008-12-20,17743,19599
2008-12-21,15527,18122
2008-12-22,10451,11772
2008-12-23,10698,12143
2008-12-24,12600,17108
2008-12-25,17008,23742
2008-12-26,15484,16601
2008-12-27,18540,20413
2008-12-28,17152,18736
2008-12-29,15273,13363
2008-12-30,14653,15092
2008-12-31,18802,20509
2009-01-01,28156,31947
2009-01-02,16576,16406
2009-01-03,17592,18660
2009-01-04,14932,15839
2009-01-05,9177,10654
2009-01-06,11676,11507
2009-01-07,10043,10169
2009-01-08,9625,10156
2009-01-09,11509,12831
2009-01-10,20655,19967
2009-01-11,18109,17623
2009-01-12,8532,8507
2009-01-13,7091,8583
2009-01-14,8940,9411
2009-01-15,9040,9862
2009-01-16,10387,11625
2009-01-17,20968,19203
2009-01-18,18017,19095
2009-01-19,10471,12054
2009-01-20,13056,12614
2009-01-21,8321,9523
2009-01-22,8056,10137
2009-01-23,11255,12752
2009-01-24,22003,20385
2009-01-25,19120,16900
2009-01-26,9805,11127
2009-01-27,9078,10213
2009-01-28,9892,10975
2009-01-29,9818,11962
2009-01-30,10808,12912
2009-01-31,21264,19945
2009-02-01,18042,18103
2009-02-02,14527,13012
2009-02-03,8004,9514
2009-02-04,8224,9468
2009-02-05,9953,10418
2009-02-06,11727,13039
2009-02-07,24378,22837
2009-02-08,17016,17716
2009-02-09,8511,9591
2009-02-10,7846,8628
2009-02-11,8094,10156
2009-02-12,9067,10985
2009-02-13,13063,13281
2009-02-14,25968,23730
2009-02-15,20842,19640
2009-02-16,10539,10967
2009-02-17,8736,9317
2009-02-18,10219,10708
2009-02-19,10347,12064
2009-02-20,12283,13700
2009-02-21,26974,26848
2009-02-22,20226,18773
2009-02-23,7903,10018
2009-02-24,11042,10694
2009-02-25,8419,10375
2009-02-26,8557,10915
2009-02-27,11178,13425
2009-02-28,23701,24002
2009-03-01,21878,20508
2009-03-02,10222,10638
2009-03-03,7824,10461
2009-03-04,8942,11760
2009-03-05,10630,11040
2009-03-06,12608,14696
2009-03-07,24463,25219
2009-03-08,19340,20604
2009-03-09,9209,11178
2009-03-10,9156,9634
2009-03-11,9933,10655
2009-03-12,11370,11880
2009-03-13,14169,14680
2009-03-14,29499,27128
2009-03-15,22982,24728
2009-03-16,10795,11480
2009-03-17,13891,14081
2009-03-18,12770,12896
2009-03-19,12163,13368
2009-03-20,15105,16724
2009-03-21,30998,28437
2009-03-22,22238,22480
2009-03-23,11074,11294
2009-03-24,11106,12316
2009-03-25,10347,11828
2009-03-26,10821,13171
2009-03-27,14917,15675
2009-03-28,25735,27951
2009-03-29,19342,21778
2009-03-30,9999,10849
2009-03-31,10183,10846
2009-04-01,14565,12117
2009-04-02,11354,12794
2009-04-03,14911,16700
2009-04-04,32702,30416
2009-04-05,27663,25159
2009-04-06,11549,11960
2009-04-07,11041,13011
2009-04-08,12226,12554
2009-04-09,14729,14877
2009-04-10,23531,20595
2009-04-11,32695,29296
2009-04-12,27976,25618
2009-04-13,18871,15086
2009-04-14,10951,11463
2009-04-15,12505,13130
2009-04-16,12820,14709
2009-04-17,15898,17405
2009-04-18,33364,31845
2009-04-19,26982,24382
2009-04-20,11327,11586
2009-04-21,11321,12252
2009-04-22,11648,13609
2009-04-23,11147,15127
2009-04-24,14737,17572
2009-04-25,32985,31399
2009-04-26,26408,24458
2009-04-27,8634,11919
2009-04-28,10422,12685
2009-04-29,11194,12648
2009-04-30,14439,14569
2009-05-01,24630,24889
2009-05-02,35134,31943
2009-05-03,26336,24371
2009-05-04,12339,12758
2009-05-05,10336,12012
2009-05-06,9806,12661
2009-05-07,11749,12837
2009-05-08,14276,17412
2009-05-09,29379,32164
2009-05-10,22903,22428
2009-05-11,11122,11506
2009-05-12,10947,13219
2009-05-13,11266,13795
2009-05-14,12177,14060
2009-05-15,15765,17718
2009-05-16,33730,33434
2009-05-17,26806,25482
2009-05-18,10933,13004
2009-05-19,11264,13621
2009-05-20,12440,14670
2009-05-21,17694,16781
2009-05-22,19447,19795
2009-05-23,35766,33739
2009-05-24,32065,28556
2009-05-25,19381,17888
2009-05-26,15060,13208
2009-05-27,12462,13312
2009-05-28,12694,15502
2009-05-29,18803,18818
2009-05-30,38317,32702
2009-05-31,30450,27179
2009-06-01,17151,16647
2009-06-02,11319,13096
2009-06-03,11572,13548
2009-06-04,14129,13471
2009-06-05,17230,18499
2009-06-06,34618,31485
2009-06-07,27753,24613
2009-06-08,11744,12536
2009-06-09,12668,11658
2009-06-10,15605,12992
2009-06-11,15190,14982
2009-06-12,22291,19480
2009-06-13,36284,33324
2009-06-14,31775,26776
2009-06-15,14075,12559
2009-06-16,13709,13709
2009-06-17,14124,14249
2009-06-18,14243,14840
2009-06-19,17467,18491
2009-06-20,35606,33313
2009-06-21,25618,24805
2009-06-22,13697,14201
2009-06-23,16421,15294
2009-06-24,14230,15707
2009-06-25,17085,16763
2009-06-26,20742,19831
2009-06-27,37407,36688
2009-06-28,29893,27304
2009-06-29,13718,14068
2009-06-30,14759,14688
2009-07-01,17945,17557
2009-07-02,16102,16782
2009-07-03,25757,23808
2009-07-04,43789,41274
2009-07-05,28530,25406
2009-07-06,12503,14019
2009-07-07,14755,13915
2009-07-08,14340,14805
2009-07-09,15586,15893
2009-07-10,20044,18896
2009-07-11,37112,31352
2009-07-12,28531,25013
2009-07-13,16336,15132
2009-07-14,17120,14298
2009-07-15,15455,15687
2009-07-16,16724,16024
2009-07-17,18537,18676
2009-07-18,41190,35513
2009-07-19,31026,26485
2009-07-20,16683,15240
2009-07-21,13624,14497
2009-07-22,16267,16207
2009-07-23,17628,15714
2009-07-24,21535,20370
2009-07-25,40364,35691
2009-07-26,28325,26457
2009-07-27,14170,13973
2009-07-28,15967,15056
2009-07-29,16161,14253
2009-07-30,16378,15664
2009-07-31,22205,20003
2009-08-01,39323,33907
2009-08-02,34287,24449
2009-08-03,15520,15169
2009-08-04,14458,15420
2009-08-05,16773,16276
2009-08-06,17602,17095
2009-08-07,21174,20187
2009-08-08,37284,31399
2009-08-09,30661,24072
2009-08-10,14170,14248
2009-08-11,14647,15058
2009-08-12,17220,16145
2009-08-13,17969,16684
2009-08-14,20078,20440
2009-08-15,38942,32163
2009-08-16,32563,24857
2009-08-17,17706,13984
2009-08-18,19006,14703
2009-08-19,18098,14675
2009-08-20,17811,14571
2009-08-21,19920,17812
2009-08-22,37689,30212
2009-08-23,27875,23955
2009-08-24,12488,13289
2009-08-25,12698,13404
2009-08-26,14195,13070
2009-08-27,15233,14993
2009-08-28,15911,18160
2009-08-29,30227,28432
2009-08-30,26400,23200
2009-08-31,13761,14019
2009-09-01,16297,13824
2009-09-02,11269,12428
2009-09-03,11818,14434
2009-09-04,18110,19339
2009-09-05,34788,32011
2009-09-06,33137,27070
2009-09-07,19047,17227
2009-09-08,14056,12290
2009-09-09,13821,12354
2009-09-10,16066,13607
2009-09-11,19336,16863
2009-09-12,35271,30034
2009-09-13,28283,24363
2009-09-14,9871,11831
2009-09-15,10160,11856
2009-09-16,10515,12604
2009-09-17,13974,12520
2009-09-18,15785,17994
2009-09-19,32764,34292
2009-09-20,26904,25875
2009-09-21,11759,12680
2009-09-22,11982,12338
2009-09-23,11966,13144
2009-09-24,13465,13421
2009-09-25,17764,18691
2009-09-26,31172,32311
2009-09-27,27183,23065
2009-09-28,12915,10709
2009-09-29,10553,10767
2009-09-30,12565,11004
2009-10-01,13414,13619
2009-10-02,15605,17090
2009-10-03,34570,28446
2009-10-04,29268,25090
2009-10-05,11007,11573
2009-10-06,10382,10896
2009-10-07,9637,12256
2009-10-08,12298,14413
2009-10-09,14040,14468
2009-10-10,28258,32116
2009-10-11,29046,25428
2009-10-12,13571,14762
2009-10-13,9897,10889
2009-10-14,10695,11820
2009-10-15,10949,11994
2009-10-16,12922,16139
2009-10-17,26687,30910
2009-10-18,21680,23917
2009-10-19,9837,11762
2009-10-20,9113,10753
2009-10-21,10371,12494
2009-10-22,11728,12300
2009-10-23,13073,16570
2009-10-24,27155,30813
2009-10-25,23569,27752
2009-10-26,10660,12182
2009-10-27,9132,11123
2009-10-28,10658,13539
2009-10-29,9999,13261
2009-10-30,15716,19265
2009-10-31,26836,34289
2009-11-01,24256,24754
2009-11-02,8319,11046
2009-11-03,9259,10131
2009-11-04,8865,10814
2009-11-05,10061,11208
2009-11-06,12475,14375
2009-11-07,26300,26461
2009-11-08,20240,20639
2009-11-09,8184,10041
2009-11-10,8544,9688
2009-11-11,9524,11250
2009-11-12,9262,11183
2009-11-13,12008,13115
2009-11-14,22242,24266
2009-11-15,17370,21081
2009-11-16,7669,10286
2009-11-17,7981,10148
2009-11-18,9649,10589
2009-11-19,10434,11390
2009-11-20,11757,13043
2009-11-21,22209,23783
2009-11-22,18073,18330
2009-11-23,8501,10025
2009-11-24,7947,9564
2009-11-25,9551,11116
2009-11-26,12917,17619
2009-11-27,13877,17390
2009-11-28,21569,21722
2009-11-29,15166,18175
2009-11-30,7707,9190
2009-12-01,9907,10801
2009-12-02,7581,10094
2009-12-03,9226,11384
2009-12-04,11382,13680
2009-12-05,20286,22845
2009-12-06,15807,21921
2009-12-07,8383,9962
2009-12-08,8822,10465
2009-12-09,8477,10804
2009-12-10,9504,11688
2009-12-11,10371,13842
2009-12-12,19408,22691
2009-12-13,13548,20403
2009-12-14,8257,9276
2009-12-15,8604,9475
2009-12-16,7691,10522
2009-12-17,10134,11847
2009-12-18,11348,13927
2009-12-19,19337,20020
2009-12-20,16898,19502
2009-12-21,10580,11979
2009-12-22,9872,12249
2009-12-23,10681,12333
2009-12-24,13119,18077
2009-12-25,14860,23129
2009-12-26,14381,19013
2009-12-27,16310,16985
2009-12-28,13531,13198
2009-12-29,12010,14770
2009-12-30,13933,14635
2009-12-31,18859,21361
2010-01-01,27432,29096
2010-01-02,19220,19789
2010-01-03,14894,16685
2010-01-04,8685,10691
2010-01-05,9542,10883
2010-01-06,10616,11952
2010-01-07,10334,11727
2010-01-08,11360,12810
2010-01-09,19890,20458
2010-01-10,14665,19297
2010-01-11,6768,10421
2010-01-12,7153,9121
2010-01-13,8049,10155
2010-01-14,8392,11123
2010-01-15,10342,13660
2010-01-16,17474,22770
2010-01-17,16087,19231
2010-01-18,8658,12022
2010-01-19,8007,9819
2010-01-20,7763,10828
2010-01-21,8335,10041
2010-01-22,10445,12245
2010-01-23,19370,21766
2010-01-24,16763,18503
2010-01-25,7495,9829
2010-01-26,8740,10141
2010-01-27,7396,10234
2010-01-28,8213,11079
2010-01-29,9895,12212
2010-01-30,21261,23137
2010-01-31,17866,18821
2010-02-01,9748,9952
2010-02-02,8365,9650
2010-02-03,7962,11397
2010-02-04,7981,10767
2010-02-05,11807,12397
2010-02-06,22481,23061
2010-02-07,17164,19877
2010-02-08,9122,9861
2010-02-09,8604,10031
2010-02-10,10206,11776
2010-02-11,11166,12442
2010-02-12,13839,15245
2010-02-13,25939,23948
2010-02-14,21979,22246
2010-02-15,12056,15571
2010-02-16,10897,13717
2010-02-17,11061,12612
2010-02-18,10403,13256
2010-02-19,12622,14366
2010-02-20,24186,24562
2010-02-21,17121,19995
2010-02-22,8324,11928
2010-02-23,8150,10947
2010-02-24,7253,10682
2010-02-25,7996,11297
2010-02-26,12210,13037
2010-02-27,23883,23103
2010-02-28,19671,20240
2010-03-01,10668,12167
2010-03-02,8837,12585
2010-03-03,7390,11575
2010-03-04,9753,12165
2010-03-05,11824,13864
2010-03-06,28723,25602
2010-03-07,23569,21687
2010-03-08,10410,11173
2010-03-09,8637,10316
2010-03-10,8867,11310
2010-03-11,9423,12711
2010-03-12,12667,14473
2010-03-13,26700,26869
2010-03-14,24786,22229
2010-03-15,10481,11515
2010-03-16,10037,11808
2010-03-17,12093,13432
2010-03-18,11900,13808
2010-03-19,15019,17244
2010-03-20,27605,28237
2010-03-21,24374,21984
2010-03-22,12863,11409
2010-03-23,11327,10697
2010-03-24,9945,11881
2010-03-25,11694,12860
2010-03-26,14596,15650
2010-03-27,31777,30388
2010-03-28,20362,23316
2010-03-29,10432,11239
2010-03-30,10584,12400
2010-03-31,11785,13616
2010-04-01,17612,15856
2010-04-02,21195,18832
2010-04-03,27138,29538
2010-04-04,23977,24605
2010-04-05,15525,15735
2010-04-06,11621,13546
2010-04-07,11476,12900
2010-04-08,12708,13651
2010-04-09,15046,16291
2010-04-10,29777,32572
2010-04-11,26379,24954
2010-04-12,10178,11063
2010-04-13,11248,11574
2010-04-14,10604,13300
2010-04-15,13576,14233
2010-04-16,14315,17982
2010-04-17,29989,32832
2010-04-18,23914,23292
2010-04-19,10487,11974
2010-04-20,9320,12189
2010-04-21,14677,11926
2010-04-22,15404,12667
2010-04-23,15107,17803
2010-04-24,33548,32226
2010-04-25,29934,23547
2010-04-26,9841,11384
2010-04-27,12953,12205
2010-04-28,10214,11909
2010-04-29,10739,14356
2010-04-30,15051,17450
2010-05-01,33418,33415
2010-05-02,22336,24771
2010-05-03,14051,15502
2010-05-04,12058,14074
2010-05-05,12360,14371
2010-05-06,12582,13921
2010-05-07,14795,16592
2010-05-08,30328,28666
2010-05-09,21847,21126
2010-05-10,11204,10768
2010-05-11,10186,11291
2010-05-12,11737,12784
2010-05-13,14915,15259
2010-05-14,16907,19038
2010-05-15,33125,31891
2010-05-16,27363,26974
2010-05-17,12241,13323
2010-05-18,10833,12582
2010-05-19,13231,13901
2010-05-20,11962,14504
2010-05-21,16712,18823
2010-05-22,36904,35995
2010-05-23,32836,28496
2010-05-24,15400,14831
2010-05-25,11555,14636
2010-05-26,11231,14316
2010-05-27,12692,15503
2010-05-28,17862,18699
2010-05-29,36750,31945
2010-05-30,31899,30150
2010-05-31,17520,18010
2010-06-01,17641,14467
2010-06-02,13807,14138
2010-06-03,16334,15982
2010-06-04,20155,19348
2010-06-05,35931,33408
2010-06-06,30200,23153
2010-06-07,11539,12635
2010-06-08,12311,13277
2010-06-09,13694,12590
2010-06-10,14107,15054
2010-06-11,19185,19508
2010-06-12,36501,30204
2010-06-13,27605,22872
2010-06-14,14064,14008
2010-06-15,15675,15096
2010-06-16,14992,14993
2010-06-17,16692,15472
2010-06-18,18242,18268
2010-06-19,36508,32358
2010-06-20,29077,22866
2010-06-21,15587,14714
2010-06-22,13968,14257
2010-06-23,16678,15258
2010-06-24,19671,17269
2010-06-25,23541,20959
2010-06-26,45077,35509
2010-06-27,35421,28036
2010-06-28,15726,13895
2010-06-29,16108,13645
2010-06-30,16538,13667
2010-07-01,24783,19166
2010-07-02,21544,18603
2010-07-03,41925,31837
2010-07-04,42569,29824
2010-07-05,19919,16255
2010-07-06,18175,14153
2010-07-07,18724,14545
2010-07-08,16544,14932
2010-07-09,21668,18055
2010-07-10,37489,31660
2010-07-11,32220,23957
2010-07-12,16175,13754
2010-07-13,16007,13699
2010-07-14,18087,15064
2010-07-15,21375,15415
2010-07-16,22077,17424
2010-07-17,37916,30114
2010-07-18,32196,23634
2010-07-19,17648,14978
2010-07-20,17392,14237
2010-07-21,18617,15315
2010-07-22,17420,16080
2010-07-23,22226,19798
2010-07-24,42310,35092
2010-07-25,31569,26155
2010-07-26,15097,14556
2010-07-27,15883,14658
2010-07-28,15660,15508
2010-07-29,16963,15371
2010-07-30,20379,18259
2010-07-31,37378,31598
2010-08-01,34099,25707
2010-08-02,16519,13782
2010-08-03,17022,14046
2010-08-04,15824,14181
2010-08-05,19097,15630
2010-08-06,24142,19672
2010-08-07,41285,33669
2010-08-08,32702,23704
2010-08-09,18214,14325
2010-08-10,16403,15530
2010-08-11,17324,15337
2010-08-12,18505,16577
2010-08-13,24417,19632
2010-08-14,39942,32597
2010-08-15,30582,24834
2010-08-16,16451,14993
2010-08-17,17057,13823
2010-08-18,16806,15272
2010-08-19,18614,16341
2010-08-20,20655,18500
2010-08-21,40138,32397
2010-08-22,29289,22473
2010-08-23,14801,12055
2010-08-24,16646,13253
2010-08-25,14736,13115
2010-08-26,15829,15158
2010-08-27,19076,17487
2010-08-28,35663,30774
2010-08-29,29581,24987
2010-08-30,17581,13494
2010-08-31,12979,12843
2010-09-01,16426,17011
2010-09-02,14589,13078
2010-09-03,20543,17720
2010-09-04,36819,32629
2010-09-05,31919,29014
2010-09-06,15785,15479
2010-09-07,13829,12440
2010-09-08,14072,12726
2010-09-09,14831,13691
2010-09-10,18621,18433
2010-09-11,37635,31572
2010-09-12,32246,25642
2010-09-13,11080,12293
2010-09-14,13293,12833
2010-09-15,11688,13292
2010-09-16,13115,15166
2010-09-17,17719,19461
2010-09-18,33298,32601
2010-09-19,27688,26853
2010-09-20,12915,13640
2010-09-21,14337,13134
2010-09-22,15720,15350
2010-09-23,13770,15886
2010-09-24,17437,19130
2010-09-25,38133,34479
2010-09-26,27728,25846
2010-09-27,11065,12376
2010-09-28,11142,13391
2010-09-29,12752,13025
2010-09-30,12416,14001
2010-10-01,22323,19735
2010-10-02,38835,30339
2010-10-03,30435,27964
2010-10-04,11285,11465
2010-10-05,11857,11448
2010-10-06,12187,12363
2010-10-07,14003,14388
2010-10-08,17777,18473
2010-10-09,34376,35149
2010-10-10,37864,32397
2010-10-11,13515,14937
2010-10-12,12596,12129
2010-10-13,12609,12719
2010-10-14,12057,12431
2010-10-15,16743,16751
2010-10-16,34459,32701
2010-10-17,30904,24522
2010-10-18,12563,12169
2010-10-19,13024,12513
2010-10-20,13271,12867
2010-10-21,15586,14694
2010-10-22,18690,17426
2010-10-23,32390,33083
2010-10-24,25058,22826
2010-10-25,14128,11852
2010-10-26,12322,11507
2010-10-27,14005,11926
2010-10-28,14669,14200
2010-10-29,18780,19736
2010-10-30,36842,34012
2010-10-31,25923,27179
2010-11-01,14843,14710
2010-11-02,10958,11168
2010-11-03,11581,12767
2010-11-04,12159,12791
2010-11-05,15456,15809
2010-11-06,28900,28770
2010-11-07,23976,22536
2010-11-08,10073,10306
2010-11-09,12691,11275
2010-11-10,11541,11845
2010-11-11,15542,13535
2010-11-12,16824,16331
2010-11-13,28724,29160
2010-11-14,23059,20717
2010-11-15,10234,11070
2010-11-16,11457,11395
2010-11-17,10878,9980
2010-11-18,12542,13877
2010-11-19,16313,14152
2010-11-20,28754,25532
2010-11-21,21418,20338
2010-11-22,11591,10480
2010-11-23,11407,11107
2010-11-24,11965,12087
2010-11-25,13822,16933
2010-11-26,16513,14909
2010-11-27,24944,21133
2010-11-28,18131,18288
2010-11-29,9189,10532
2010-11-30,7677,10003
2010-12-01,12556,13056
2010-12-02,12767,12135
2010-12-03,14657,14420
2010-12-04,24239,26290
2010-12-05,20041,19507
2010-12-06,11561,10455
2010-12-07,10826,11727
2010-12-08,12373,11102
2010-12-09,14069,13303
2010-12-10,12129,14814
2010-12-11,25353,24570
2010-12-12,19322,18591
2010-12-13,9132,9091
2010-12-14,8275,9408
2010-12-15,8918,9914
2010-12-16,10370,10678
2010-12-17,12652,13647
2010-12-18,24733,21527
2010-12-19,17202,17256
2010-12-20,10506,10925
2010-12-21,11748,11372
2010-12-22,11053,10589
2010-12-23,12056,11981
2010-12-24,15326,18235
2010-12-25,18067,22956
2010-12-26,18324,16805
2010-12-27,15621,13240
2010-12-28,15922,13473
2010-12-29,14334,13698
2010-12-30,15423,14157
2010-12-31,18907,18917
2011-01-01,30458,25872
2011-01-02,17218,16014
2011-01-03,11042,11016
2011-01-04,10465,10073
2011-01-05,10564,10139
2011-01-06,10615,11024
2011-01-07,13933,12175
2011-01-08,24754,18961
2011-01-09,17597,16890
2011-01-10,9264,9740
2011-01-11,11000,9342
2011-01-12,10574,9876
2011-01-13,11138,10748
2011-01-14,12552,13024
2011-01-15,22513,22079
2011-01-16,18886,18115
2011-01-17,10053,11406
2011-01-18,8746,9665
2011-01-19,9963,10872
2011-01-20,10052,11713
2011-01-21,11947,12418
2011-01-22,23386,19726
2011-01-23,18953,18370
2011-01-24,8669,9643
2011-01-25,8869,10381
2011-01-26,9511,10729
2011-01-27,11239,12105
2011-01-28,13430,13457
2011-01-29,25145,24252
2011-01-30,22726,18683
2011-01-31,9048,9797
2011-02-01,11168,12223
2011-02-02,11223,12349
2011-02-03,11981,12489
2011-02-04,13549,14567
2011-02-05,25098,23239
2011-02-06,19996,19312
2011-02-07,10573,10629
2011-02-08,11852,10596
2011-02-09,10588,11507
2011-02-10,11329,12291
2011-02-11,13826,15255
2011-02-12,28104,23267
2011-02-13,20843,18216
2011-02-14,11023,11613
2011-02-15,10587,10990
2011-02-16,11007,11881
2011-02-17,12775,13127
2011-02-18,14708,14289
2011-02-19,26934,23899
2011-02-20,22758,21291
2011-02-21,11213,12256
2011-02-22,11046,10860
2011-02-23,11437,11508
2011-02-24,13382,12915
2011-02-25,14667,15077
2011-02-26,27670,28270
2011-02-27,23053,21387
2011-02-28,10785,12146
2011-03-01,13910,12642
2011-03-02,12592,12517
2011-03-03,12223,12700
2011-03-04,16713,15399
2011-03-05,31501,27071
2011-03-06,25935,23531
2011-03-07,12248,13427
2011-03-08,13260,14017
2011-03-09,10657,12316
2011-03-10,11772,12828
2011-03-11,17827,15564
2011-03-12,33789,28801
2011-03-13,22980,22525
2011-03-14,12772,11541
2011-03-15,12383,11444
2011-03-16,12830,11809
2011-03-17,16142,14570
2011-03-18,17745,16279
2011-03-19,33865,28583
2011-03-20,25875,22181
2011-03-21,11514,11977
2011-03-22,10964,11694
2011-03-23,13611,12831
2011-03-24,14257,14464
2011-03-25,17271,16637
2011-03-26,32572,29779
2011-03-27,22613,21533
2011-03-28,10303,11704
2011-03-29,11895,12098
2011-03-30,10443,12654
2011-03-31,10969,13480
2011-04-01,18041,17709
2011-04-02,38577,32301
2011-04-03,27949,23387
2011-04-04,11680,12622
2011-04-05,13030,13067
2011-04-06,14763,13511
2011-04-07,16802,15138
2011-04-08,19816,16196
2011-04-09,38512,32388
2011-04-10,37263,28250
2011-04-11,13970,12114
2011-04-12,14111,13353
2011-04-13,13446,12893
2011-04-14,15903,14948
2011-04-15,18373,16730
2011-04-16,38987,30220
2011-04-17,34202,25961
2011-04-18,14350,12385
2011-04-19,14791,13163
2011-04-20,15230,14521
2011-04-21,17894,16854
2011-04-22,26332,20463
2011-04-23,37629,29392
2011-04-24,33411,26394
2011-04-25,19849,15811
2011-04-26,12677,13551
2011-04-27,14365,13442
2011-04-28,14872,14995
2011-04-29,23614,20340
2011-04-30,40521,38008
2011-05-01,41203,29436
2011-05-02,17026,13713
2011-05-03,13056,13061
2011-05-04,14698,13158
2011-05-05,15447,16103
2011-05-06,17591,17344
2011-05-07,35519,33944
2011-05-08,28966,24136
2011-05-09,13024,12693
2011-05-10,12301,15525
2011-05-11,11650,13797
2011-05-12,14944,15740
2011-05-13,16794,19528
2011-05-14,35220,33334
2011-05-15,30653,27287
2011-05-16,12681,12828
2011-05-17,15327,13667
2011-05-18,15284,14110
2011-05-19,18231,16413
2011-05-20,22327,20540
2011-05-21,39828,38123
2011-05-22,32013,27957
2011-05-23,13377,13455
2011-05-24,14957,13579
2011-05-25,13780,16182
2011-05-26,16281,16491
2011-05-27,20988,18620
2011-05-28,42308,33021
2011-05-29,34586,31153
2011-05-30,21089,18176
2011-05-31,14603,15501
2011-06-01,19162,16191
2011-06-02,21896,18932
2011-06-03,23146,20248
2011-06-04,40314,36463
2011-06-05,28906,27410
2011-06-06,15796,16444
2011-06-07,16589,14027
2011-06-08,15808,14882
2011-06-09,18828,16385
2011-06-10,20791,18867
2011-06-11,40552,34982
2011-06-12,32162,28411
2011-06-13,16814,15614
2011-06-14,14837,14997
2011-06-15,15239,15460
2011-06-16,16574,17628
2011-06-17,19433,20312
2011-06-18,37498,37172
2011-06-19,29467,28892
2011-06-20,12716,15174
2011-06-21,16962,15913
2011-06-22,16197,15142
2011-06-23,17764,17521
2011-06-24,21464,20299
2011-06-25,39392,33613
2011-06-26,34635,28028
2011-06-27,11947,14734
2011-06-28,12513,14412
2011-06-29,14819,15193
2011-06-30,16654,16361
2011-07-01,26019,24243
2011-07-02,36893,34295
2011-07-03,33183,30906
2011-07-04,24101,25294
2011-07-05,17251,16463
2011-07-06,15026,16378
2011-07-07,20320,17254
2011-07-08,20998,21249
2011-07-09,38746,33549
2011-07-10,28005,26539
2011-07-11,16076,16190
2011-07-12,15455,15795
2011-07-13,15193,17591
2011-07-14,20553,18909
2011-07-15,20195,21217
2011-07-16,36518,33652
2011-07-17,25711,24673
2011-07-18,16020,16678
2011-07-19,14205,16905
2011-07-20,16957,16980
2011-07-21,18477,18667
2011-07-22,21529,21914
2011-07-23,33170,32348
2011-07-24,27862,25341
2011-07-25,15782,15724
2011-07-26,15805,15593
2011-07-27,17413,16849
2011-07-28,17034,17906
2011-07-29,23119,19665
2011-07-30,36658,32006
2011-07-31,30137,26477
2011-08-01,19680,17211
2011-08-02,16483,14855
2011-08-03,17078,15569
2011-08-04,19922,16722
2011-08-05,19989,20525
2011-08-06,37135,29949
2011-08-07,26613,22609
2011-08-08,16064,14106
2011-08-09,17750,14415
2011-08-10,16207,15121
2011-08-11,15940,17625
2011-08-12,22063,21081
2011-08-13,38396,31859
2011-08-14,27932,23799
2011-08-15,15673,14906
2011-08-16,14946,14692
2011-08-17,16275,15581
2011-08-18,14979,17040
2011-08-19,19087,19152
2011-08-20,36597,33289
2011-08-21,26197,22624
2011-08-22,13061,12820
2011-08-23,14209,13124
2011-08-24,13342,13616
2011-08-25,15317,15159
2011-08-26,16524,17719
2011-08-27,28892,29214
2011-08-28,26468,23501
2011-08-29,13934,13949
2011-08-30,11058,13763
2011-08-31,11836,13587
2011-09-01,15664,16360
2011-09-02,19791,18747
2011-09-03,35285,33703
2011-09-04,29374,27254
2011-09-05,15334,15806
2011-09-06,11914,14571
2011-09-07,15452,14237
2011-09-08,13764,15100
2011-09-09,18584,18155
2011-09-10,36011,34983
2011-09-11,32023,26790
2011-09-12,11685,12480
2011-09-13,11742,12796
2011-09-14,12628,13854
2011-09-15,16968,15666
2011-09-16,19416,19951
2011-09-17,37718,40212
2011-09-18,27302,26007
2011-09-19,11428,11848
2011-09-20,11646,12647
2011-09-21,12819,13862
2011-09-22,14704,14684
2011-09-23,18005,18454
2011-09-24,36284,36127
2011-09-25,28398,26013
2011-09-26,11278,12391
2011-09-27,10867,12094
2011-09-28,12763,12364
2011-09-29,13002,14555
2011-09-30,18751,19407
2011-10-01,45052,37583
2011-10-02,31456,25760
2011-10-03,12812,12257
2011-10-04,12847,12949
2011-10-05,11793,13830
2011-10-06,13397,16610
2011-10-07,18818,18514
2011-10-08,36360,35529
2011-10-09,30773,27929
2011-10-10,14961,16075
2011-10-11,9439,12974
2011-10-12,10825,12970
2011-10-13,16327,14303
2011-10-14,16742,17366
2011-10-15,43756,37310
2011-10-16,27731,27275
2011-10-17,11997,11495
2011-10-18,11587,12607
2011-10-19,10179,11726
2011-10-20,13685,13453
2011-10-21,17629,16798
2011-10-22,34238,35186
2011-10-23,25032,23988
2011-10-24,14464,12384
2011-10-25,11083,12994
2011-10-26,12453,14284
2011-10-27,15115,14742
2011-10-28,15733,18706
2011-10-29,30952,34572
2011-10-30,23980,27813
2011-10-31,14423,16916
2011-11-01,13938,14162
2011-11-02,11782,11843
2011-11-03,12113,13239
2011-11-04,15001,15238
2011-11-05,29160,31133
2011-11-06,23041,22077
2011-11-07,10485,11302
2011-11-08,10903,11155
2011-11-09,10832,12114
2011-11-10,11672,13801
2011-11-11,17454,17935
2011-11-12,28612,28441
2011-11-13,20234,22352
2011-11-14,9339,10257
2011-11-15,9457,11631
2011-11-16,10161,11041
2011-11-17,11558,13164
2011-11-18,15611,14806
2011-11-19,25913,26878
2011-11-20,19262,20334
2011-11-21,10111,11189
2011-11-22,9956,10994
2011-11-23,10922,12034
2011-11-24,13581,15870
2011-11-25,17289,17111
2011-11-26,21592,23901
2011-11-27,19930,18050
2011-11-28,7492,10204
2011-11-29,8744,10373
2011-11-30,9142,11022
2011-12-01,12244,12670
2011-12-02,13583,16264
2011-12-03,23668,25488
2011-12-04,19987,19823
2011-12-05,9174,10423
2011-12-06,9984,11387
2011-12-07,10163,10006
2011-12-08,12678,12340
2011-12-09,11767,15555
2011-12-10,21381,22988
2011-12-11,14718,17443
2011-12-12,8015,10223
2011-12-13,7092,9437
2011-12-14,8013,10198
2011-12-15,9118,12937
2011-12-16,10925,13839
2011-12-17,18371,21220
2011-12-18,14814,18052
2011-12-19,7828,10076
2011-12-20,9329,10104
2011-12-21,8743,9883
2011-12-22,11236,10128
2011-12-23,11023,12052
2011-12-24,14935,19793
2011-12-25,15978,21300
2011-12-26,14450,12919
2011-12-27,15761,13519
2011-12-28,15628,13081
2011-12-29,15450,13021
2011-12-30,14141,14813
2011-12-31,19613,20071
2012-01-01,22133,21801
2012-01-02,13079,11895
2012-01-03,11294,9699
2012-01-04,10525,9125
2012-01-05,9856,9909
2012-01-06,12545,13667
2012-01-07,19352,20474
2012-01-08,16535,16235
2012-01-09,9751,9591
2012-01-10,9202,9989
2012-01-11,8836,9912
2012-01-12,8200,10441
2012-01-13,10282,11542
2012-01-14,22409,19107
2012-01-15,18587,17479
2012-01-16,8897,10529
2012-01-17,9032,10335
2012-01-18,7949,10777
2012-01-19,8938,10787
2012-01-20,13248,14905
2012-01-21,18984,18958
2012-01-22,16916,15856
2012-01-23,8961,10730
2012-01-24,9292,11149
2012-01-25,10878,11301
2012-01-26,11035,12680
2012-01-27,13666,15246
2012-01-28,25022,21693
2012-01-29,16864,16685
2012-01-30,8081,9406
2012-01-31,8846,11013
2012-02-01,10771,11054
2012-02-02,10342,10918
2012-02-03,12602,13553
2012-02-04,25334,22738
2012-02-05,21019,18504
2012-02-06,9341,10165
2012-02-07,9863,9805
2012-02-08,8921,9685
2012-02-09,11415,12032
2012-02-10,12723,14184
2012-02-11,25626,24491
2012-02-12,20421,20247
2012-02-13,9594,8796
2012-02-14,10284,10809
2012-02-15,11269,11014
2012-02-16,12341,11926
2012-02-17,14132,13772
2012-02-18,27068,23951
2012-02-19,25582,20983
2012-02-20,13594,13802
2012-02-21,12496,12911
2012-02-22,9517,11768
2012-02-23,10628,12868
2012-02-24,12327,15136
2012-02-25,24683,26203
2012-02-26,22118,21222
2012-02-27,10203,12330
2012-02-28,10154,11169
2012-02-29,10473,11750
2012-03-01,13636,13154
2012-03-02,13433,13844
2012-03-03,23597,23981
2012-03-04,19562,20925
2012-03-05,10719,11081
2012-03-06,10923,12837
2012-03-07,11506,11755
2012-03-08,11195,14660
2012-03-09,13955,15074
2012-03-10,28029,25640
2012-03-11,24047,24371
2012-03-12,11215,12911
2012-03-13,12145,10788
2012-03-14,12650,14202
2012-03-15,13086,16905
2012-03-16,15144,19590
2012-03-17,29880,31340
2012-03-18,21093,24608
2012-03-19,11882,13376
2012-03-20,11158,15561
2012-03-21,11419,16526
2012-03-22,12598,17833
2012-03-23,16546,19878
2012-03-24,31738,34879
2012-03-25,25594,24376
2012-03-26,12989,14561
2012-03-27,12506,15312
2012-03-28,12147,16118
2012-03-29,13880,18316
2012-03-30,15525,18961
2012-03-31,28372,31112
2012-04-01,32313,25259
2012-04-02,13249,16564
2012-04-03,12607,16428
2012-04-04,14763,17128
2012-04-05,16434,17960
2012-04-06,21720,22282
2012-04-07,31241,32251
2012-04-08,29007,26667
2012-04-09,15320,16174
2012-04-10,13384,15541
2012-04-11,14339,16208
2012-04-12,16009,18362
2012-04-13,18414,20091
2012-04-14,30484,34825
2012-04-15,29051,28659
2012-04-16,13444,16121
2012-04-17,15384,15552
2012-04-18,15667,19172
2012-04-19,16093,19020
2012-04-20,19185,20641
2012-04-21,32645,33759
2012-04-22,24814,26615
2012-04-23,11991,15923
2012-04-24,12415,16884
2012-04-25,13496,17188
2012-04-26,14131,17946
2012-04-27,17555,21138
2012-04-28,31365,34953
2012-04-29,28033,30513
2012-04-30,16568,18009
2012-05-01,24573,21661
2012-05-02,13715,15334
2012-05-03,17707,18415
2012-05-04,19847,18979
2012-05-05,36673,35730
2012-05-06,32292,28070
2012-05-07,11738,15905
2012-05-08,17683,15959
2012-05-09,12460,16988
2012-05-10,14274,18610
2012-05-11,16757,22464
2012-05-12,37337,38289
2012-05-13,28806,26635
2012-05-14,12321,16393
2012-05-15,13686,16130
2012-05-16,13518,17073
2012-05-17,18095,20659
2012-05-18,19113,24490
2012-05-19,40202,42442
2012-05-20,31657,32782
2012-05-21,13409,17948
2012-05-22,15450,18426
2012-05-23,14867,18040
2012-05-24,15969,20361
2012-05-25,17195,24584
2012-05-26,36830,38231
2012-05-27,33872,36386
2012-05-28,17324,20848
2012-05-29,14647,15610
2012-05-30,15479,16659
2012-05-31,13032,17061
2012-06-01,17778,21668
2012-06-02,36061,37784
2012-06-03,28818,28280
2012-06-04,16735,18041
2012-06-05,15937,20438
2012-06-06,15681,19770
2012-06-07,15884,22142
2012-06-08,15691,23787
2012-06-09,34821,38547
2012-06-10,26699,28794
2012-06-11,11642,20702
2012-06-12,10853,18631
2012-06-13,13504,21316
2012-06-14,16680,25015
2012-06-15,19103,23673
2012-06-16,34981,34804
2012-06-17,28028,27183
2012-06-18,13521,17788
2012-06-19,12930,17317
2012-06-20,12706,17843
2012-06-21,13159,19613
2012-06-22,16927,20340
2012-06-23,33899,35659
2012-06-24,27742,29910
2012-06-25,11653,17132
2012-06-26,13111,17666
2012-06-27,11961,18835
2012-06-28,13624,20363
2012-06-29,16653,23475
2012-06-30,33948,37738
2012-07-01,33027,30262
2012-07-02,13722,19858
2012-07-03,15210,18625
2012-07-04,25715,25917
2012-07-05,18261,19729
2012-07-06,17719,22470
2012-07-07,32227,34837
2012-07-08,29352,26863
2012-07-09,13862,17329
2012-07-10,13129,18456
2012-07-11,15491,19877
2012-07-12,19357,20827
2012-07-13,19968,22353
2012-07-14,37363,32769
2012-07-15,25940,29388
2012-07-16,14477,19691
2012-07-17,15342,20364
2012-07-18,16595,17835
2012-07-19,16733,21224
2012-07-20,20939,22119
2012-07-21,39745,36525
2012-07-22,32026,32892
2012-07-23,16980,22133
2012-07-24,16551,22331
2012-07-25,19147,21576
2012-07-26,17174,21296
2012-07-27,18061,21897
2012-07-28,37807,35608
2012-07-29,26615,30973
2012-07-30,14478,20320
2012-07-31,17022,18492
2012-08-01,17899,23516
2012-08-02,16403,22320
2012-08-03,20920,23977
2012-08-04,35647,35401
2012-08-05,27046,23700
2012-08-06,14360,16969
2012-08-07,15104,18377
2012-08-08,14604,18920
2012-08-09,16891,19880
2012-08-10,17604,23560
2012-08-11,34294,32517
2012-08-12,27900,28789
2012-08-13,14330,17893
2012-08-14,15916,18005
2012-08-15,15548,18542
2012-08-16,16330,20737
2012-08-17,17222,22240
2012-08-18,37681,36379
2012-08-19,24602,28474
2012-08-20,12971,17011
2012-08-21,13921,17225
2012-08-22,13455,17187
2012-08-23,14803,19963
2012-08-24,17115,21333
2012-08-25,29650,31709
2012-08-26,28050,24620
2012-08-27,12412,16295
2012-08-28,13512,17733
2012-08-29,12455,17884
2012-08-30,14960,19061
2012-08-31,17505,22335
2012-09-01,35572,35426
2012-09-02,30407,30517
2012-09-03,16057,19683
2012-09-04,12727,15855
2012-09-05,13227,19211
2012-09-06,15527,19242
2012-09-07,17020,23070
2012-09-08,34345,36614
2012-09-09,30935,30698
2012-09-10,12945,16383
2012-09-11,13397,17006
2012-09-12,11461,17477
2012-09-13,13413,18773
2012-09-14,16306,20955
2012-09-15,37090,37283
2012-09-16,26500,28679
2012-09-17,12027,17807
2012-09-18,12917,16847
2012-09-19,14513,17777
2012-09-20,14827,19627
2012-09-21,20917,22160
2012-09-22,32230,37767
2012-09-23,26984,28266
2012-09-24,10074,15733
2012-09-25,11310,13267
2012-09-26,11890,16997
2012-09-27,11517,19617
2012-09-28,15120,21755
2012-09-29,27917,36001
2012-09-30,23490,28946
2012-10-01,12789,19280
2012-10-02,10395,17604
2012-10-03,11775,16494
2012-10-04,13187,18916
2012-10-05,16557,21531
2012-10-06,33593,33067
2012-10-07,27009,27829
2012-10-08,15101,17844
2012-10-09,11112,16151
2012-10-10,13780,18043
2012-10-11,13567,18546
2012-10-12,17917,22555
2012-10-13,31074,40309
2012-10-14,24490,28263
2012-10-15,10751,15562
2012-10-16,11472,16121
2012-10-17,12264,17815
2012-10-18,13604,19985
2012-10-19,16266,22122
2012-10-20,36930,34546
2012-10-21,28530,27003
2012-10-22,9749,14324
2012-10-23,11378,16203
2012-10-24,10750,15985
2012-10-25,12259,17619
2012-10-26,14271,20171
2012-10-27,26628,35132
2012-10-28,20996,21325
2012-10-29,10673,12544
2012-10-30,12228,16661
2012-10-31,13407,19596
2012-11-01,13947,18074
2012-11-02,14661,18200
2012-11-03,24935,30775
2012-11-04,18887,21215
2012-11-05,11087,11890
2012-11-06,10366,15558
2012-11-07,10369,14933
2012-11-08,10923,17067
2012-11-09,11832,19548
2012-11-10,25424,28822
2012-11-11,21481,27047
2012-11-12,10406,14019
2012-11-13,8402,14888
2012-11-14,10692,15215
2012-11-15,11975,19274
2012-11-16,16247,18823
2012-11-17,23946,29571
2012-11-18,19595,25221
2012-11-19,8870,13998
2012-11-20,9143,14749
2012-11-21,9642,14612
2012-11-22,13295,19285
2012-11-23,13114,19293
2012-11-24,20030,25557
2012-11-25,18542,22631
2012-11-26,7990,13028
2012-11-27,9092,14053
2012-11-28,10047,14304
2012-11-29,9415,13754
2012-11-30,11239,17992
2012-12-01,21882,28748
2012-12-02,16973,24226
2012-12-03,8845,12132
2012-12-04,7930,12854
2012-12-05,9534,14669
2012-12-06,9503,16258
2012-12-07,11443,17403
2012-12-08,23710,28924
2012-12-09,19928,22535
2012-12-10,8459,13788
2012-12-11,8248,14596
2012-12-12,10468,15518
2012-12-13,10766,15901
2012-12-14,11036,16888
2012-12-15,17701,26379
2012-12-16,13844,19279
2012-12-17,8003,13509
2012-12-18,9453,17679
2012-12-19,9551,17746
2012-12-20,9413,15134
2012-12-21,11945,18232
2012-12-22,14417,20014
2012-12-23,15287,19487
2012-12-24,14305,19849
2012-12-25,13373,21739
2012-12-26,12578,15560
2012-12-27,12524,17259
2012-12-28,13660,18057
2012-12-29,18760,22124
2012-12-30,18038,22029
2012-12-31,16970,18969
2013-01-01,18629,19993
2013-01-02,9977,12728
2013-01-03,9890,13439
2013-01-04,10615,14606
2013-01-05,15543,18371
2013-01-06,13138,19353
2013-01-07,7339,12082
2013-01-08,7610,12232
2013-01-09,7358,12260
2013-01-10,8945,12884
2013-01-11,11472,14607
2013-01-12,18744,22821
2013-01-13,18427,22229
2013-01-14,8134,12455
2013-01-15,8668,13004
2013-01-16,8412,13566
2013-01-17,9713,13973
2013-01-18,11284,16088
2013-01-19,20931,26023
2013-01-20,18060,23233
2013-01-21,12355,14053
2013-01-22,8755,13511
2013-01-23,7553,12877
2013-01-24,9818,14262
2013-01-25,11851,16991
2013-01-26,23325,27164
2013-01-27,16123,22766
2013-01-28,7032,13074
2013-01-29,7589,13841
2013-01-30,8602,14623
2013-01-31,9500,15451
2013-02-01,11535,17871
2013-02-02,19684,25148
2013-02-03,14767,19147
2013-02-04,7172,13737
2013-02-05,8734,13005
2013-02-06,7851,13331
2013-02-07,9616,13774
2013-02-08,12020,17549
2013-02-09,23173,25809
2013-02-10,23019,26087
2013-02-11,10956,16032
2013-02-12,12213,15439
2013-02-13,10516,15416
2013-02-14,12241,16989
2013-02-15,12816,17316
2013-02-16,23813,27040
2013-02-17,23734,22671
2013-02-18,11147,14770
2013-02-19,9949,14377
2013-02-20,12339,14428
2013-02-21,11889,16329
2013-02-22,12437,17101
2013-02-23,20997,27531
2013-02-24,18062,21491
2013-02-25,8497,14126
2013-02-26,8962,14615
2013-02-27,9600,13977
2013-02-28,10241,16823
2013-03-01,14957,17526
2013-03-02,23894,28099
2013-03-03,19161,23368
2013-03-04,10544,13289
2013-03-05,10820,13804
2013-03-06,10930,13054
2013-03-07,11396,15209
2013-03-08,13898,18410
2013-03-09,26329,28844
2013-03-10,18473,21737
2013-03-11,10235,13114
2013-03-12,10968,13590
2013-03-13,11305,15689
2013-03-14,12450,16044
2013-03-15,13915,19018
2013-03-16,26884,27040
2013-03-17,19014,22313
2013-03-18,8305,12679
2013-03-19,9822,13604
2013-03-20,10882,15076
2013-03-21,11725,16992
2013-03-22,13975,20099
2013-03-23,26446,28593
2013-03-24,19095,24249
2013-03-25,9321,13092
2013-03-26,13493,14521
2013-03-27,10460,15823
2013-03-28,13804,18938
2013-03-29,19538,19248
2013-03-30,26461,30051
2013-03-31,23397,24113
2013-04-01,17562,18268
2013-04-02,10239,13105
2013-04-03,10522,15254
2013-04-04,11310,17354
2013-04-05,14187,18755
2013-04-06,24967,29873
2013-04-07,22715,22779
2013-04-08,11139,14346
2013-04-09,11473,16046
2013-04-10,10330,16059
2013-04-11,10452,16506
2013-04-12,14142,16762
2013-04-13,30794,32225
2013-04-14,23011,26791
2013-04-15,10429,14195
2013-04-16,11917,14272
2013-04-17,11095,14889
2013-04-18,11897,16097
2013-04-19,12414,21451
2013-04-20,28492,35932
2013-04-21,25220,29679
2013-04-22,10657,16497
2013-04-23,12467,15442
2013-04-24,12943,19200
2013-04-25,15424,21620
2013-04-26,16356,22561
2013-04-27,31393,32624
2013-04-28,26320,26615
2013-04-29,10678,16137
2013-04-30,12605,17222
2013-05-01,20316,22661
2013-05-02,13420,18166
2013-05-03,19945,22472
2013-05-04,34962,39695
2013-05-05,30586,30152
2013-05-06,16304,17104
2013-05-07,12863,16279
2013-05-08,12335,17223
2013-05-09,16319,19842
2013-05-10,16336,22071
2013-05-11,27485,33477
2013-05-12,20075,24407
2013-05-13,10364,15806
2013-05-14,12330,17807
2013-05-15,12158,16947
2013-05-16,12180,19075
2013-05-17,12768,24641
2013-05-18,27066,38038
2013-05-19,25460,35255
2013-05-20,13446,18354
2013-05-21,11956,21108
2013-05-22,10463,19345
2013-05-23,11622,21181
2013-05-24,14930,25100
2013-05-25,33782,42885
2013-05-26,29020,36994
2013-05-27,16682,21847
2013-05-28,11180,17541
2013-05-29,12439,19914
2013-05-30,14017,22668
2013-05-31,15962,26294
2013-06-01,32076,47294
2013-06-02,29263,35958
2013-06-03,12787,20252
2013-06-04,12324,18138
2013-06-05,12546,19956
2013-06-06,14824,22750
2013-06-07,16550,25155
2013-06-08,29993,44332
2013-06-09,24938,34522
2013-06-10,11485,19316
2013-06-11,11202,19503
2013-06-12,12830,20681
2013-06-13,11836,20897
2013-06-14,15818,27646
2013-06-15,29292,41130
2013-06-16,24001,28928
2013-06-17,11570,19810
2013-06-18,12133,22385
2013-06-19,11930,23186
2013-06-20,12604,24504
2013-06-21,19030,29316
2013-06-22,36222,41509
2013-06-23,24876,34844
2013-06-24,11203,22305
2013-06-25,11717,21235
2013-06-26,13133,22756
2013-06-27,12466,23409
2013-06-28,16730,23600
2013-06-29,30650,39300
2013-06-30,30239,31403
2013-07-01,14394,21337
2013-07-02,11288,20462
2013-07-03,13205,21852
2013-07-04,20598,31023
2013-07-05,18195,25434
2013-07-06,32029,40226
2013-07-07,23634,30669
2013-07-08,12694,17844
2013-07-09,12175,19574
2013-07-10,11578,19647
2013-07-11,14218,22681
2013-07-12,15721,23629
2013-07-13,29200,35838
2013-07-14,24114,29624
2013-07-15,14334,18206
2013-07-16,14347,16561
2013-07-17,14590,17070
2013-07-18,14470,19317
2013-07-19,15946,24209
2013-07-20,33746,39025
2013-07-21,26884,31249
2013-07-22,12938,20277
2013-07-23,13311,21089
2013-07-24,14334,20426
2013-07-25,15465,21122
2013-07-26,16930,23126
2013-07-27,28973,36638
2013-07-28,24393,32746
2013-07-29,12239,19121
2013-07-30,12603,18180
2013-07-31,13984,18817
2013-08-01,16195,23214
2013-08-02,15294,24155
2013-08-03,32509,37588
2013-08-04,23973,30688
2013-08-05,12695,22051
2013-08-06,14079,20000
2013-08-07,14165,19613
2013-08-08,15657,20033
2013-08-09,17648,22626
2013-08-10,29044,36336
2013-08-11,24106,26630
2013-08-12,15189,19105
2013-08-13,14777,18582
2013-08-14,13374,20628
2013-08-15,16172,22075
2013-08-16,18258,23908
2013-08-17,32436,37188
2013-08-18,22724,28977
2013-08-19,12532,18458
2013-08-20,12592,19684
2013-08-21,11571,18015
2013-08-22,12641,20620
2013-08-23,15053,24789
2013-08-24,26658,38728
2013-08-25,20801,28502
2013-08-26,13948,15144
2013-08-27,12013,13878
2013-08-28,11799,16382
2013-08-29,11788,19102
2013-08-30,14425,24385
2013-08-31,29292,34733
2013-09-01,25083,29699
2013-09-02,11087,19971
2013-09-03,10208,17744
2013-09-04,11150,15845
2013-09-05,12406,19291
2013-09-06,13233,22129
2013-09-07,26647,41997
2013-09-08,21186,31885
2013-09-09,9349,16979
2013-09-10,10024,17077
2013-09-11,11462,19372
2013-09-12,11922,21331
2013-09-13,12967,23493
2013-09-14,27017,39520
2013-09-15,18872,33426
2013-09-16,9883,17785
2013-09-17,9517,20833
2013-09-18,9438,21550
2013-09-19,11598,23669
2013-09-20,13658,29907
2013-09-21,27813,47820
2013-09-22,24237,33927
2013-09-23,10955,19769
2013-09-24,11341,18357
2013-09-25,10341,19002
2013-09-26,9633,20353
2013-09-27,14080,24011
2013-09-28,24536,38685
2013-09-29,21764,28362
2013-09-30,9273,15847
2013-10-01,10676,17859
2013-10-02,9133,16303
2013-10-03,11614,19022
2013-10-04,13384,23316
2013-10-05,25217,38461
2013-10-06,20527,32589
2013-10-07,9446,14818
2013-10-08,9283,16747
2013-10-09,9031,17086
2013-10-10,9619,21083
2013-10-11,12677,23716
2013-10-12,27856,36312
2013-10-13,20290,26746
2013-10-14,9723,15020
2013-10-15,7812,13841
2013-10-16,7602,13999
2013-10-17,9918,15416
2013-10-18,11911,19826
2013-10-19,24632,36855
2013-10-20,21145,28952
2013-10-21,8189,12364
2013-10-22,10066,13208
2013-10-23,8476,14411
2013-10-24,9805,16464
2013-10-25,11146,19279
2013-10-26,25245,36929
2013-10-27,20056,27277
2013-10-28,8471,12741
2013-10-29,8878,13693
2013-10-30,10322,15697
2013-10-31,11698,19160
2013-11-01,13721,18923
2013-11-02,20330,34804
2013-11-03,19123,24728
2013-11-04,8683,12609
2013-11-05,8326,12094
2013-11-06,9047,11511
2013-11-07,10207,14047
2013-11-08,11975,18004
2013-11-09,20761,31392
2013-11-10,16081,25500
2013-11-11,7494,12042
2013-11-12,6221,11876
2013-11-13,7273,11619
2013-11-14,8650,13916
2013-11-15,10705,17930
2013-11-16,22134,28419
2013-11-17,17002,20842
2013-11-18,6794,10882
2013-11-19,6627,12393
2013-11-20,6518,11560
2013-11-21,8155,12599
2013-11-22,10036,15412
2013-11-23,20967,27631
2013-11-24,16589,23165
2013-11-25,6650,11139
2013-11-26,7452,11782
2013-11-27,7107,13525
2013-11-28,10221,14938
2013-11-29,11006,15737
2013-11-30,18905,24668
2013-12-01,14922,20680
2013-12-02,6965,10313
2013-12-03,6745,12885
2013-12-04,6122,12740
2013-12-05,7581,15230
2013-12-06,9198,18015
2013-12-07,16777,28405
2013-12-08,12525,22266
2013-12-09,6036,12091
2013-12-10,5931,13385
2013-12-11,7448,11397
2013-12-12,7962,13407
2013-12-13,8332,15956
2013-12-14,16216,28453
2013-12-15,12570,19595
2013-12-16,5933,11031
2013-12-17,6626,11245
2013-12-18,6686,11237
2013-12-19,7028,12227
2013-12-20,7977,13114
2013-12-21,11081,18933
2013-12-22,11274,18009
2013-12-23,8114,10818
2013-12-24,9424,13209
2013-12-25,8900,16410
2013-12-26,9763,12506
2013-12-27,9550,13930
2013-12-28,12462,19573
2013-12-29,12390,18087
2013-12-30,10498,12534
2013-12-31,12407,15043
2014-01-01,13119,16869
2014-01-02,9066,10803
2014-01-03,8683,13004
2014-01-04,12050,17687
2014-01-05,12274,15496
2014-01-06,6823,8631
2014-01-07,6297,10025
2014-01-08,6586,9472
2014-01-09,7385,9951
2014-01-10,7810,12104
2014-01-11,13573,21464
2014-01-12,13076,16436
2014-01-13,6758,9981
2014-01-14,6302,9033
2014-01-15,5392,10587
2014-01-16,6674,10492
2014-01-17,8196,13965
2014-01-18,14786,22702
2014-01-19,15124,19496
2014-01-20,7326,11259
2014-01-21,6891,11556
2014-01-22,7923,10501
2014-01-23,7214,10686
2014-01-24,8651,14968
2014-01-25,16540,22163
2014-01-26,13006,17092
2014-01-27,6085,10670
2014-01-28,7295,9874
2014-01-29,6218,11413
2014-01-30,6276,12126
2014-01-31,7938,17590
2014-02-01,15015,22256
2014-02-02,13285,19150
2014-02-03,7264,11462
2014-02-04,7351,12393
2014-02-05,6886,10522
2014-02-06,7783,10572
2014-02-07,7872,13903
2014-02-08,13350,22918
2014-02-09,11658,19756
2014-02-10,6235,10115
2014-02-11,6999,11009
2014-02-12,6306,10247
2014-02-13,7107,12640
2014-02-14,8609,14905
2014-02-15,14736,21723
2014-02-16,15842,20384
2014-02-17,7659,11622
2014-02-18,5943,10294
2014-02-19,5805,10431
2014-02-20,7547,11842
2014-02-21,9212,15052
2014-02-22,16990,27109
2014-02-23,14960,20837
2014-02-24,6784,10381
2014-02-25,5811,11058
2014-02-26,6341,11216
2014-02-27,5709,12143
2014-02-28,9376,17143
2014-03-01,17280,27759
2014-03-02,13827,21554
2014-03-03,6287,11815
2014-03-04,7270,11760
2014-03-05,5902,11506
2014-03-06,6204,11025
2014-03-07,9223,14944
2014-03-08,19730,27084
2014-03-09,16865,23352
2014-03-10,8263,11809
2014-03-11,7537,12138
2014-03-12,9489,12451
2014-03-13,8160,12981
2014-03-14,9511,16491
2014-03-15,16701,27689
2014-03-16,15901,26028
2014-03-17,6206,11825
2014-03-18,6112,11925
2014-03-19,6248,12677
2014-03-20,6486,13666
2014-03-21,9128,16085
2014-03-22,18540,25202
2014-03-23,12701,25165
2014-03-24,5357,11422
2014-03-25,6463,10853
2014-03-26,5976,11081
2014-03-27,6738,13845
2014-03-28,7302,15673
2014-03-29,15278,27934
2014-03-30,12662,23380
2014-03-31,6174,11230
2014-04-01,6986,12492
2014-04-02,8022,12001
2014-04-03,7890,12783
2014-04-04,8631,15973
2014-04-05,16468,27133
2014-04-06,12300,21286
2014-04-07,8531,9901
2014-04-08,6677,10611
2014-04-09,7933,12881
2014-04-10,7205,14980
2014-04-11,10002,15350
2014-04-12,17638,27841
2014-04-13,17648,23744
2014-04-14,6773,9438
2014-04-15,7932,10282
2014-04-16,6565,11751
2014-04-17,13638,12530
2014-04-18,17627,13335
2014-04-19,18273,23030
2014-04-20,15995,18113
2014-04-21,15216,11853
2014-04-22,8422,8744
2014-04-23,8517,9221
2014-04-24,6794,8957
2014-04-25,11329,10108
2014-04-26,10922,15479
2014-04-27,474,10311
2014-04-28,0,740
2014-04-29,10,187
2014-04-30,25,6
2014-05-01,10,37
2014-05-02,0,5
2014-05-03,3,25
2014-05-04,1,56
2014-05-05,0,86
2014-05-06,15,17
2014-05-07,8,32
2014-05-08,10,23
2014-05-09,1,6
2014-05-10,52,57
2014-05-11,63,15
2014-05-12,12,31
2014-05-13,2,3
2014-05-14,14,23
2014-05-15,1,10
2014-05-16,26,42
2014-05-17,24,14
2014-05-18,14,7
2014-05-19,0,17
2014-05-20,0,54
2014-05-21,2,13
2014-05-22,2,15
2014-05-23,0,13
2014-05-24,0,37
2014-05-25,32,38
2014-05-26,35,39
2014-05-27,0,16
2014-05-28,9,40
2014-05-29,0,21
2014-05-30,0,10
2014-05-31,0,1
2014-06-01,18,16
2014-06-02,0,143
2014-06-03,1,49
2014-06-04,0,9
2014-06-05,0,30
2014-06-06,0,29
2014-06-07,0,16
2014-06-08,2,77
2014-06-09,0,199
2014-06-10,0,67
2014-06-11,0,17
2014-06-12,2,40
2014-06-13,0,26
2014-06-14,0,14
2014-06-15,0,15
2014-06-16,0,66
2014-06-17,0,21
2014-06-18,0,10
2014-06-19,0,8
2014-06-20,0,6
2014-06-21,0,23
2014-06-22,0,22
2014-06-23,0,34
2014-06-24,0,12
2014-06-25,0,15
2014-06-26,0,47
2014-06-27,0,49
2014-06-28,0,14
2014-06-29,0,20
2014-06-30,0,27
2014-07-01,0,137
2014-07-02,0,5
2014-07-03,0,5
2014-07-04,0,6
2014-07-05,0,44
2014-07-06,0,16
2014-07-07,0,4
2014-07-08,1,13
2014-07-09,0,31
2014-07-10,0,33
2014-07-11,0,60
2014-07-12,0,45
2014-07-13,0,26
2014-07-14,7,5
2014-07-15,67,21
2014-07-16,22,15
2014-07-17,22,6
2014-07-18,0,14
2014-07-19,0,8
2014-07-20,0,13
2014-07-21,0,36
2014-07-22,0,25
2014-07-23,0,20
2014-07-24,0,14
2014-07-25,0,17
2014-07-26,0,2
2014-07-27,0,42
2014-07-28,0,29
2014-07-29,0,6
2014-07-30,0,20
2014-07-31,0,18
2014-08-01,0,6
2014-08-02,0,5
2014-08-03,1,4
2014-08-04,0,15
2014-08-05,12,45
2014-08-06,0,13
2014-08-07,0,6
2014-08-08,0,11
2014-08-09,0,14
2014-08-10,4,16
2014-08-11,0,33
2014-08-12,0,43
2014-08-13,1,5
2014-08-14,0,5
2014-08-15,4,7
2014-08-16,0,3
2014-08-17,1,23
2014-08-18,1,21
2014-08-19,0,3
2014-08-20,2,5
2014-08-21,0,5
2014-08-22,0,1
2014-08-23,0,1
2014-08-24,1,18
2014-08-25,0,20
2014-08-26,0,33
2014-08-27,1,1
2014-08-28,0,43
2014-08-29,0,0
2014-08-30,0,5
2014-08-31,0,3
2014-09-01,0,228
2014-09-02,0,43
2014-09-03,0,11
2014-09-04,0,0
2014-09-05,0,9
2014-09-06,0,9
2014-09-07,0,8
2014-09-08,0,9
2014-09-09,1,32
2014-09-10,0,6
2014-09-11,0,4
2014-09-12,0,2
2014-09-13,0,3
2014-09-14,0,39
2014-09-15,1,1
2014-09-16,24,6
2014-09-17,0,6
2014-09-18,0,4
2014-09-19,0,3
2014-09-20,0,15
2014-09-21,0,96
2014-09-22,0,39
2014-09-23,0,7
2014-09-24,0,9
2014-09-25,0,13
2014-09-26,1,23
2014-09-27,0,13
2014-09-28,0,25
2014-09-29,0,10
2014-09-30,0,13
2014-10-01,0,27
2014-10-02,0,15
2014-10-03,0,38
2014-10-04,0,75
2014-10-05,0,9
2014-10-06,0,100
2014-10-07,17,3
2014-10-08,10,7
2014-10-09,0,8
2014-10-10,2,11
2014-10-11,0,4
2014-10-12,0,66
2014-10-13,0,9
2014-10-14,4,7
2014-10-15,2,6
2014-10-16,1,10
2014-10-17,0,21
2014-10-18,0,14
2014-10-19,0,10
2014-10-20,0,67
2014-10-21,0,37
2014-10-22,0,0
2014-10-23,0,2
2014-10-24,0,0
2014-10-25,0,13
2014-10-26,0,6
2014-10-27,0,129
2014-10-28,0,37
2014-10-29,0,3
2014-10-30,0,0
2014-10-31,0,3
2014-11-01,0,21
2014-11-02,0,21
2014-11-03,0,3
2014-11-04,0,2
2014-11-05,0,2
2014-11-06,4,15
2014-11-07,0,2
2014-11-08,0,7
2014-11-09,0,32
2014-11-10,0,16
2014-11-11,0,19
2014-11-12,0,2
2014-11-13,13,6
2014-11-14,0,13
2014-11-15,0,23
2014-11-16,15,94
2014-11-17,0,1
2014-11-18,0,10
2014-11-19,0,0
2014-11-20,2,0
2014-11-21,0,0
2014-11-22,0,9
2014-11-23,0,5
2014-11-24,0,6
2014-11-25,0,7
2014-11-26,0,0
2014-11-27,0,4
2014-11-28,0,31
2014-11-29,0,0
2014-11-30,0,42
2014-12-01,1,25
2014-12-02,1,9
2014-12-03,0,15
2014-12-04,0,28
2014-12-05,0,7
2014-12-06,0,10
2014-12-07,0,21
2014-12-08,0,45
2014-12-09,0,55
2014-12-10,0,19
2014-12-11,0,3
2014-12-12,0,46
2014-12-13,123,16
2014-12-14,111,4
2014-12-15,0,16
2014-12-16,0,130
2014-12-17,0,13
2014-12-18,0,49
2014-12-19,0,3
2014-12-20,0,19
2014-12-21,3,43
2014-12-22,0,22
2014-12-23,0,23
2014-12-24,0,11
2014-12-25,0,9
2014-12-26,0,4
2014-12-27,0,3
2014-12-28,0,9
2014-12-29,2,29
2014-12-30,18,17
2014-12-31,26,12
2015-01-01,13,21
2015-01-02,0,2
2015-01-03,0,5
2015-01-04,0,10
2015-01-05,1,8
2015-01-06,0,2
2015-01-07,0,16
2015-01-08,1,6
2015-01-09,14,22
2015-01-10,0,9
2015-01-11,1,17
2015-01-12,0,15
2015-01-13,17,7
2015-01-14,4,5
2015-01-15,43,8
2015-01-16,19,2
2015-01-17,24,27
2015-01-18,0,12
2015-01-19,0,9
2015-01-20,0,0
2015-01-21,0,18
2015-01-22,1,3
2015-01-23,6,1
2015-01-24,28,0
2015-01-25,0,6
2015-01-26,0,13
2015-01-27,0,16
2015-01-28,0,29
2015-01-29,0,3
2015-01-30,10,1
2015-01-31,65,2
2015-02-01,0,23
2015-02-02,0,123
2015-02-03,0,19
2015-02-04,1,3
2015-02-05,1,1
2015-02-06,0,9
2015-02-07,55,5
2015-02-08,0,2
2015-02-09,1,5
2015-02-10,1,5
2015-02-11,1,21
2015-02-12,11,19
2015-02-13,0,34
2015-02-14,0,50
2015-02-15,0,74
2015-02-16,0,20
2015-02-17,0,3
2015-02-18,0,1
2015-02-19,55,57
2015-02-20,22,1
2015-02-21,12,2
2015-02-22,0,11
2015-02-23,0,16
2015-02-24,52,6
2015-02-25,146,4
2015-02-26,1,6
2015-02-27,0,22
2015-02-28,0,5
2015-03-01,10,29
2015-03-02,14,5
2015-03-03,28,2
2015-03-04,0,10
2015-03-05,0,2
2015-03-06,0,12
2015-03-07,0,9
2015-03-08,7,20
2015-03-09,0,8
2015-03-10,0,0
2015-03-11,0,4
2015-03-12,0,0
2015-03-13,0,5
2015-03-14,0,16
2015-03-15,39,18
2015-03-16,0,0
2015-03-17,0,8
2015-03-18,1,3
2015-03-19,6,0
2015-03-20,3,11
2015-03-21,2,5
2015-03-22,0,33
2015-03-23,3,11
2015-03-24,0,1
2015-03-25,0,1
2015-03-26,0,0
2015-03-27,0,2
2015-03-28,1,4
2015-03-29,0,6
2015-03-30,1,4
2015-03-31,3,0
2015-04-01,0,0
2015-04-02,2,3
2015-04-03,0,5
2015-04-04,0,21
2015-04-05,0,35
2015-04-06,0,2
2015-04-07,0,9
2015-04-08,9,0
2015-04-09,0,1
2015-04-10,0,4
2015-04-11,1,9
2015-04-12,0,9
2015-04-13,0,116
2015-04-14,0,16
2015-04-15,0,7
2015-04-16,0,0
2015-04-17,0,1
2015-04-18,0,4
2015-04-19,0,0
2015-04-20,0,87
2015-04-21,4,1
2015-04-22,0,3
2015-04-23,0,28
2015-04-24,0,9
2015-04-25,0,3
2015-04-26,0,5
2015-04-27,0,0
2015-04-28,0,1
2015-04-29,0,0
2015-04-30,0,0
2015-05-01,0,0
2015-05-02,0,0
2015-05-03,0,0
2015-05-04,0,1
2015-05-05,0,2
2015-05-06,0,3
2015-05-07,0,2
2015-05-08,0,5
2015-05-09,0,0
2015-05-10,0,1
2015-05-11,0,0
2015-05-12,0,4
2015-05-13,0,0
2015-05-14,0,0
2015-05-15,0,0
2015-05-16,2,0
2015-05-17,5,2
2015-05-18,6,0
2015-05-19,0,1
2015-05-20,0,2
2015-05-21,0,0
2015-05-22,0,0
2015-05-23,0,7
2015-05-24,0,0
2015-05-25,1,1
2015-05-26,37,1
2015-05-27,0,0
2015-05-28,0,0
2015-05-29,0,1
2015-05-30,0,0
2015-05-31,0,0
2015-06-01,0,3
2015-06-02,0,10
2015-06-03,0,1
2015-06-04,0,0
2015-06-05,0,1
2015-06-06,1,0
2015-06-07,5,0
2015-06-08,12,5
2015-06-09,0,12
2015-06-10,0,10
2015-06-11,0,3
2015-06-12,0,5
2015-06-13,0,3
2015-06-14,5,1
2015-06-15,6,1
2015-06-16,0,6
2015-06-17,0,1
2015-06-18,0,3
2015-06-19,0,2
2015-06-20,0,1
2015-06-21,0,0
2015-06-22,0,3
2015-06-23,0,17
2015-06-24,0,8
2015-06-25,0,1
2015-06-26,0,2
2015-06-27,0,2
2015-06-28,0,0
2015-06-29,0,0
2015-06-30,0,4
2015-07-01,0,2
2015-07-02,1,13
2015-07-03,0,1
2015-07-04,0,0
2015-07-05,0,0
2015-07-06,0,4
2015-07-07,0,5
2015-07-08,0,4
2015-07-09,0,1
2015-07-10,0,4
2015-07-11,0,8
2015-07-12,0,11
2015-07-13,0,0
2015-07-14,0,8
2015-07-15,0,3
2015-07-16,0,3
2015-07-17,0,2
2015-07-18,0,4
2015-07-19,0,0
2015-07-20,0,2
2015-07-21,0,6
2015-07-22,0,14
2015-07-23,0,9
2015-07-24,0,3
2015-07-25,0,0
2015-07-26,0,0
2015-07-27,0,0
2015-07-28,0,4
2015-07-29,0,0
2015-07-30,0,0
2015-07-31,0,0
2015-08-01,0,1
2015-08-02,0,1
2015-08-03,0,0
2015-08-04,0,2
2015-08-05,0,1
2015-08-06,0,0
2015-08-07,0,0
2015-08-08,1,1
2015-08-09,0,0
2015-08-10,0,0
2015-08-11,0,1
2015-08-12,0,1
2015-08-13,0,1
2015-08-14,0,2
2015-08-15,0,8
2015-08-16,0,1
2015-08-17,1,4
2015-08-18,1,3
2015-08-19,0,0
2015-08-20,0,2
2015-08-21,0,0
2015-08-22,0,0
2015-08-23,0,13
2015-08-24,0,2
2015-08-25,1,0
2015-08-26,3,0
2015-08-27,4,6
2015-08-28,1,2
2015-08-29,0,6
2015-08-30,0,3
2015-08-31,0,0
2015-09-01,0,0
2015-09-02,0,0
2015-09-03,1,9
2015-09-04,0,1
2015-09-05,0,0
2015-09-06,0,0
2015-09-07,0,5
2015-09-08,3,1
2015-09-09,5,1
2015-09-10,0,3
2015-09-11,0,0
2015-09-12,0,3
2015-09-13,0,0
2015-09-14,0,1
2015-09-15,0,0
2015-09-16,0,2
2015-09-17,0,0
2015-09-18,0,2
2015-09-19,0,2
2015-09-20,0,0
2015-09-21,0,5
2015-09-22,0,10
2015-09-23,0,6
2015-09-24,0,0
2015-09-25,0,1
2015-09-26,0,0
2015-09-27,0,1
2015-09-28,0,3
2015-09-29,0,0
2015-09-30,0,0
2015-10-01,0,0
2015-10-02,0,15
2015-10-03,0,11
2015-10-04,0,2
2015-10-05,2,0
2015-10-06,0,0
2015-10-07,0,1
2015-10-08,0,0
2015-10-09,1,1
2015-10-10,0,8
2015-10-11,0,4
2015-10-12,0,0
2015-10-13,0,2
2015-10-14,0,10
2015-10-15,1,2
2015-10-16,0,1
2015-10-17,0,4
2015-10-18,0,0
2015-10-19,0,1
2015-10-20,39,1
2015-10-21,0,0
2015-10-22,0,5
2015-10-23,0,0
2015-10-24,0,15
2015-10-25,0,0
2015-10-26,0,1
2015-10-27,0,0
2015-10-28,0,9
2015-10-29,0,1
2015-10-30,0,3
2015-10-31,0,4
2015-11-01,0,2
2015-11-02,0,8
2015-11-03,0,0
2015-11-04,0,5
2015-11-05,0,0
2015-11-06,0,0
2015-11-07,0,1
2015-11-08,0,11
2015-11-09,3,0
2015-11-10,0,8
2015-11-11,0,0
2015-11-12,0,0
2015-11-13,0,0
2015-11-14,0,11
2015-11-15,4,1
2015-11-16,11,5
2015-11-17,65,4
2015-11-18,57,8
2015-11-19,7,1
2015-11-20,0,2
2015-11-21,0,0
2015-11-22,0,5
2015-11-23,14,0
2015-11-24,0,2
2015-11-25,0,3
2015-11-26,1,0
2015-11-27,0,0
2015-11-28,0,0
2015-11-29,0,0
2015-11-30,2,0
2015-12-01,0,0
2015-12-02,0,0
2015-12-03,0,0
2015-12-04,0,57
2015-12-05,0,2
2015-12-06,17,1
2015-12-07,18,18
2015-12-08,13,1
2015-12-09,0,0
2015-12-10,7,2
2015-12-11,5,0
2015-12-12,2,0
2015-12-13,3,8
2015-12-14,0,1
2015-12-15,16,6
2015-12-16,40,8
2015-12-17,13,0
2015-12-18,0,7
2015-12-19,38,4
2015-12-20,0,0
2015-12-21,49,1
2015-12-22,21,2
2015-12-23,12,2
2015-12-24,11,0
2015-12-25,0,0
2015-12-26,1,1
2015-12-27,5,0
2015-12-28,0,1
2015-12-29,0,0
2015-12-30,0,0
2015-12-31,0,0
2016-01-01,0,0
